-- MariaDB dump 10.19  Distrib 10.5.12-MariaDB, for Linux (x86_64)
--
-- Host: mysql.hostinger.ro    Database: u574849695_23
-- ------------------------------------------------------
-- Server version	10.5.12-MariaDB-cll-lve

/*!40101 SET @OLD_CHARACTER_SET_CLIENT=@@CHARACTER_SET_CLIENT */;
/*!40101 SET @OLD_CHARACTER_SET_RESULTS=@@CHARACTER_SET_RESULTS */;
/*!40101 SET @OLD_COLLATION_CONNECTION=@@COLLATION_CONNECTION */;
/*!40101 SET NAMES utf8mb4 */;
/*!40103 SET @OLD_TIME_ZONE=@@TIME_ZONE */;
/*!40103 SET TIME_ZONE='+00:00' */;
/*!40014 SET @OLD_UNIQUE_CHECKS=@@UNIQUE_CHECKS, UNIQUE_CHECKS=0 */;
/*!40014 SET @OLD_FOREIGN_KEY_CHECKS=@@FOREIGN_KEY_CHECKS, FOREIGN_KEY_CHECKS=0 */;
/*!40101 SET @OLD_SQL_MODE=@@SQL_MODE, SQL_MODE='NO_AUTO_VALUE_ON_ZERO' */;
/*!40111 SET @OLD_SQL_NOTES=@@SQL_NOTES, SQL_NOTES=0 */;

--
-- Table structure for table `comments`
--

DROP DATABASE IF EXISTS vk;
CREATE DATABASE vk;
USE vk;

DROP TABLE IF EXISTS `comments`;
/*!40101 SET @saved_cs_client     = @@character_set_client */;
/*!40101 SET character_set_client = utf8 */;
CREATE TABLE `comments` (
  `id` bigint(20) unsigned NOT NULL AUTO_INCREMENT,
  `from_user_id` bigint(20) unsigned NOT NULL,
  `to_user_id` bigint(20) unsigned NOT NULL,
  `to_media_type_id` bigint(20) unsigned NOT NULL,
  `body` text COLLATE utf8mb4_unicode_ci DEFAULT NULL,
  `created_at` datetime DEFAULT current_timestamp(),
  PRIMARY KEY (`id`),
  KEY `from_user_id` (`from_user_id`),
  KEY `to_user_id` (`to_user_id`),
  KEY `to_media_type_id` (`to_media_type_id`),
  CONSTRAINT `comments_ibfk_1` FOREIGN KEY (`from_user_id`) REFERENCES `users` (`id`) ON DELETE CASCADE ON UPDATE CASCADE,
  CONSTRAINT `comments_ibfk_2` FOREIGN KEY (`to_user_id`) REFERENCES `users` (`id`) ON DELETE CASCADE ON UPDATE CASCADE,
  CONSTRAINT `comments_ibfk_3` FOREIGN KEY (`to_media_type_id`) REFERENCES `media` (`id`) ON DELETE CASCADE ON UPDATE CASCADE
) ENGINE=InnoDB AUTO_INCREMENT=101 DEFAULT CHARSET=utf8mb4 COLLATE=utf8mb4_unicode_ci;
/*!40101 SET character_set_client = @saved_cs_client */;

--
-- Dumping data for table `comments`
--

LOCK TABLES `comments` WRITE;
/*!40000 ALTER TABLE `comments` DISABLE KEYS */;
INSERT INTO `comments` VALUES (1,22,79,8,'Dignissimos labore enim et rem. Adipisci laudantium aperiam minus deleniti quia rem quaerat. In blanditiis quia numquam sed architecto repellat porro.','1998-03-01 23:40:27'),(2,77,8,66,'Rem minus excepturi fugiat et. Sed voluptates sapiente repellat ut soluta dolores recusandae. Nam id voluptatem provident. Qui facilis id nobis voluptates.','1981-02-23 07:34:34'),(3,48,32,62,'Ut est sint odit et illum quod pariatur pariatur. Voluptatibus molestias rem laudantium accusamus. Cupiditate numquam qui ut provident minus sapiente.','2018-06-09 00:51:50'),(4,79,80,4,'Consequatur iste earum cumque ut dolorem iusto soluta aut. Exercitationem non saepe qui repellendus. Quos veritatis natus eius possimus. Eos sapiente voluptates in aut sequi ut.','2010-06-20 12:33:06'),(5,20,82,76,'In amet quia explicabo autem sit ut ipsum molestiae. Enim eos vero id vitae occaecati ipsa asperiores. Aut labore quidem aut quam.','1984-03-18 00:59:04'),(6,57,59,31,'Nihil expedita explicabo architecto commodi necessitatibus maiores facilis. Vel natus quae fugit aut voluptas doloribus. Porro reiciendis perspiciatis qui voluptatibus enim eveniet magnam. Ipsa rerum non id aut.','1994-02-28 03:36:27'),(7,87,7,25,'Non mollitia consectetur neque corrupti iure eius. Nisi aspernatur suscipit vel esse neque aspernatur quisquam. Voluptates rerum vel iusto.','1980-06-29 06:02:38'),(8,52,100,82,'Ut omnis sapiente soluta blanditiis sunt. Vel atque porro dicta eum fugit dolorem cupiditate eum. Beatae voluptate nemo sunt libero nobis reprehenderit.','1984-01-25 13:10:21'),(9,24,39,79,'Architecto minus at voluptatem autem fuga illum quod ab. Maxime quo nesciunt et. Est totam et rem iure odit et. A culpa voluptas molestiae et ut corrupti perferendis. Et qui dignissimos deserunt.','2019-11-08 08:07:27'),(10,12,12,69,'Doloremque magnam saepe ipsum iure. Impedit praesentium rerum mollitia non vitae enim molestias. Aliquam molestiae esse voluptatem omnis ipsum quis sunt nostrum. Fuga earum quis quaerat cumque.','1984-02-03 14:06:04'),(11,62,33,48,'Culpa ut dolores reiciendis error dolore voluptatem in quo. Ea quibusdam dolorum eos quo dolorem. Aliquid officiis veniam voluptatem at dolor expedita omnis. Unde dolor nisi laudantium quo illum corrupti.','1994-06-06 02:07:31'),(12,70,10,55,'Nisi sequi adipisci perferendis et voluptatibus sint aliquam. Porro minima libero ea modi sunt neque. Voluptatem et quod exercitationem numquam dolor consectetur sunt voluptatem. Ut adipisci sit nihil voluptates sequi debitis.','2009-12-27 08:39:33'),(13,35,57,86,'Vel error similique dolor minima. Quod enim doloribus minus facere at minima omnis. Quaerat repellat ut reprehenderit libero enim est in voluptatem. Et veniam est non reprehenderit enim.','2002-03-20 17:30:30'),(14,97,35,65,'Fugiat accusamus nemo esse quia. Animi libero ad enim accusamus voluptates. Consequatur sit deserunt nisi aut sed. Mollitia quia ab laborum deleniti neque itaque autem omnis.','1980-08-18 11:46:23'),(15,1,54,47,'Voluptate ut doloremque labore repellendus nihil minus. Nulla qui labore cumque molestiae officiis quis. Ut laboriosam iste impedit est dolores.','1985-10-17 10:26:43'),(16,77,11,6,'Optio laboriosam ea est. Dolorem ut eum et molestiae. Beatae reiciendis sequi reiciendis consectetur sunt magni qui. Enim earum earum quia.','1980-03-29 07:38:23'),(17,8,97,12,'Illo sint quidem eveniet aut quibusdam delectus mollitia. Et rerum quia neque officiis deserunt sed culpa. Dolor est dolorem neque et beatae et quo. Dolor nihil vitae sunt maxime et.','1971-02-10 01:34:34'),(18,33,49,12,'Sit nisi voluptatem reiciendis nemo. Dolorem velit quia temporibus molestiae. Consequatur officia minima sed autem alias. Ut saepe reprehenderit cupiditate non minus neque.','2001-01-03 09:18:15'),(19,14,73,50,'Rerum dolores saepe veritatis veniam laudantium. Voluptas quasi perspiciatis quis et nisi et. Non incidunt amet est et impedit ex soluta.','2006-12-31 13:11:51'),(20,92,84,62,'Cupiditate inventore possimus et cum. Maxime nisi impedit quasi autem sed mollitia fuga consequatur. Autem sit ipsam distinctio minima sit saepe. Culpa aut ratione ut similique sint saepe assumenda.','2014-12-16 03:33:15'),(21,60,46,95,'Mollitia earum veritatis asperiores rerum praesentium ipsam ad. Eius eius tenetur et ab consectetur. Quasi necessitatibus consequatur ea et aut quisquam ipsam.','1980-12-13 15:23:58'),(22,7,15,4,'Labore delectus nulla harum omnis fuga maxime. Consequatur vel sequi quia sit at. Aut libero sunt explicabo id quia eum.','1983-04-02 21:09:48'),(23,61,50,61,'Eos blanditiis cum omnis voluptate ipsum et neque. Iste esse qui ipsa voluptate.','2003-03-17 07:12:39'),(24,47,47,95,'Quo odit illum enim ea aut nam. Molestias voluptas debitis eveniet sequi quisquam voluptatem nihil.','1990-04-19 22:28:49'),(25,12,47,49,'Quod iure quo vel optio. Et facilis dicta enim eos rerum et. Magnam quia deleniti ratione.','1992-05-31 03:56:55'),(26,58,23,59,'Suscipit harum eum sed voluptatem ducimus provident. Accusantium necessitatibus non dolore. Non voluptate nam quis rerum.','1979-03-17 16:50:04'),(27,63,31,56,'Nam et autem non aut alias veniam neque. Molestiae odio sapiente magni voluptatum. Rerum adipisci unde eos placeat aut.','2015-08-23 06:45:07'),(28,75,63,4,'Sed asperiores placeat eum eaque explicabo. Unde et est est dolores dolor. Numquam dicta voluptates suscipit eligendi eos. Quos et ex libero nisi aliquid officiis.','2009-06-07 18:27:10'),(29,86,76,76,'Voluptatem saepe ea sit odit. Ullam ducimus blanditiis consectetur eos. Voluptatum consectetur quaerat et aliquid sit velit fugit. Eaque sit quia doloremque animi. Accusamus dolorem alias accusantium hic corporis id.','1973-02-04 15:06:57'),(30,36,67,60,'Consequatur rem et veniam voluptas doloribus totam sapiente. Nihil fuga voluptas consequatur autem qui consequatur. Est quia iure sint perferendis et voluptatem ipsa.','1995-10-21 09:41:46'),(31,98,27,5,'Ratione in quo voluptatem natus facere quibusdam facere. Delectus voluptatem et culpa error occaecati delectus molestiae. Velit qui fugit qui cum.','1986-09-22 20:07:31'),(32,92,33,20,'Consequatur similique quibusdam ipsum voluptas earum. Et aut placeat sit distinctio ratione id aspernatur. Debitis exercitationem sunt modi ad sequi sint sit. Assumenda dicta aut ea sint eligendi omnis.','2007-02-07 01:14:05'),(33,96,94,69,'Dolorum commodi sint iusto neque ut doloribus. Saepe quasi assumenda vel ipsum laudantium vel. Ut ea eligendi ea est omnis quisquam.','2016-07-07 15:21:16'),(34,56,40,15,'Quia quo maxime iste quos consequatur fugit inventore. Repellendus perspiciatis suscipit doloremque deleniti excepturi minus minima aut. Maiores tenetur dolor nihil.','1997-08-09 03:28:18'),(35,50,51,62,'Similique dicta tempora eaque accusamus. Ut excepturi fuga corporis pariatur aut accusamus dolorem. Sequi sit minus et officia fugiat. Officiis nihil in est atque magni omnis. Tempora rem tempore quasi voluptas aut vero.','1987-12-08 15:42:57'),(36,99,9,85,'Rerum eveniet sint facilis cupiditate eius. Fuga laudantium sed autem veniam possimus earum minus. Ducimus corporis expedita beatae soluta nisi.','2019-08-04 02:52:30'),(37,57,72,15,'Enim molestiae qui dolorum laboriosam nisi dolor doloribus. Labore aut ducimus rerum veniam ut sed ducimus. Velit harum tenetur atque animi.','1997-09-28 07:57:54'),(38,13,46,77,'Amet sed fuga autem aut. Est cum magnam id deleniti iusto. Excepturi suscipit commodi voluptate molestiae sit vitae minus.','2012-11-12 04:07:56'),(39,16,32,52,'Aut atque dicta maxime ullam deserunt. Cumque laudantium voluptatem adipisci velit occaecati omnis autem. Adipisci nobis tempora voluptatem explicabo qui blanditiis ipsam. Est maxime in sed aut excepturi. Dicta nulla quae sit sit.','1971-06-25 02:19:26'),(40,92,68,19,'Ut commodi earum ex aperiam est. Iure at excepturi dolor ab sunt dolor ratione. Omnis officiis impedit ut recusandae minima eum sint dicta.','2000-09-26 06:27:24'),(41,51,65,45,'Repellat sit neque vero enim. Dignissimos est asperiores minima explicabo nisi enim sapiente voluptates. Assumenda dignissimos doloremque porro omnis provident sapiente.','2015-03-15 12:58:06'),(42,56,57,77,'Quis perferendis odio dolorem dignissimos. Ipsum rerum veniam ut eum vel qui quibusdam. Ipsum provident expedita aut consequatur.','1973-02-01 13:53:44'),(43,75,52,70,'Nostrum ipsam earum incidunt doloremque dignissimos. Totam non officiis assumenda. Vel illo non qui rem velit quia hic. Aut tempore suscipit vel sapiente.','1992-11-10 21:12:10'),(44,43,7,10,'Consectetur atque illum modi harum eos. Blanditiis similique rerum reiciendis esse rerum qui. Aut quasi quos consequatur non. Similique quo animi dignissimos quasi pariatur tenetur. Quos esse modi quam ut.','1980-04-17 02:10:59'),(45,58,57,61,'Vel consequatur eius animi nemo. A quaerat et aliquam quia. Sunt id id eius corrupti.','1997-09-11 06:33:48'),(46,19,55,69,'Ea omnis omnis deserunt molestiae et sed. Nesciunt autem error reprehenderit suscipit.','1971-09-12 12:24:09'),(47,4,11,40,'Voluptate est pariatur vero illum. Officia culpa alias aut vel exercitationem. Aperiam dignissimos vero fugit enim.','1979-05-27 08:29:51'),(48,18,23,86,'Et quaerat tempora quis quo consequatur est aliquam. Dolorem deserunt autem cumque nihil sed aut animi. Cumque exercitationem suscipit ipsa eum natus maiores.','1972-01-21 14:16:26'),(49,94,39,18,'Praesentium dolores qui suscipit deleniti sed consequatur autem libero. Sed cumque velit saepe dolores assumenda. Unde consequuntur et nostrum qui non vero ut voluptatum. Et totam dignissimos eveniet omnis quia.','1989-08-27 18:56:46'),(50,46,30,85,'Rerum dicta exercitationem nostrum quasi. Quaerat sint blanditiis velit quisquam. Reiciendis eius non in est sed aliquam officia. Quos omnis eum at qui beatae voluptate.','1990-10-26 09:50:20'),(51,64,81,50,'Quisquam ut cupiditate eaque est. Consequatur eius id ex deserunt. Nihil aut rerum voluptas hic nihil. Illum dolor sunt assumenda vel ea quas suscipit.','2006-07-10 13:37:12'),(52,8,36,6,'Fugiat repudiandae corporis dolorem neque voluptatum. Voluptas unde sequi ut et consequatur dicta in eaque. Dolorum necessitatibus unde id at occaecati.','1984-12-29 23:51:18'),(53,85,10,57,'Quisquam in atque omnis dolorem nisi. Ipsam neque sapiente tenetur earum eos deserunt. Rerum earum deserunt quia quia. Ut earum cum laboriosam. Ipsa occaecati impedit omnis est et consequatur.','2000-07-02 20:24:56'),(54,55,53,63,'Ut aliquid quod quibusdam illum incidunt. Debitis tenetur dignissimos consequuntur non quidem saepe. Ad culpa numquam corrupti ea fugiat est. Explicabo facere nihil possimus qui ex eligendi cumque est. Beatae non omnis sequi.','1988-01-29 08:14:26'),(55,64,11,19,'Quos quos nemo omnis voluptatem rerum doloribus. Ea sed ullam veritatis. In quo officiis est.','1988-10-13 06:42:00'),(56,24,30,74,'Quia et beatae dolores quis voluptates laudantium maxime vero. Voluptatibus quidem labore blanditiis et laudantium reiciendis eligendi. Aut perferendis illum non. Doloribus quia quo qui est et et.','1981-10-16 15:28:10'),(57,93,33,85,'Rerum aspernatur voluptatem et consectetur id possimus ratione sunt. Laudantium deserunt quo distinctio occaecati accusantium molestias mollitia enim. Et nihil aliquid et et facilis ea ullam consequuntur.','1973-01-10 00:03:11'),(58,32,50,7,'Reiciendis nihil porro et est. Qui dicta reprehenderit ab et autem sit cum.','1986-02-10 14:00:58'),(59,18,44,46,'Maxime dolor et voluptatem eaque. Ea dicta sed dolores ut voluptatem. Dignissimos voluptatum voluptate neque quae voluptate ad modi.','1980-12-07 22:08:36'),(60,35,89,76,'Consequatur laborum cumque aut totam fuga. Quis qui debitis consequatur id facilis corrupti. Vitae repellendus consequuntur deserunt ut. Illo saepe architecto qui.','1994-08-05 07:07:23'),(61,20,53,56,'Praesentium cumque velit praesentium illum cupiditate nisi et deleniti. Sit est et et ducimus sint. Officia quia nobis sint rerum minus quo maxime. Autem consequatur est laboriosam quaerat magni.','1988-09-15 09:31:24'),(62,69,60,92,'Incidunt modi id est voluptatem ex. Cum dolore eligendi quis dolor fugiat earum quia. Doloribus eos deleniti eveniet cum. Quia dolores quia rerum officia necessitatibus.','2018-10-07 20:19:17'),(63,74,44,2,'Quaerat consequuntur quibusdam possimus voluptatem numquam qui incidunt. Possimus est fugiat doloribus ratione sunt nisi. Ut porro ut quo molestiae repellendus. Sed nostrum natus totam mollitia accusantium.','2013-03-29 20:04:39'),(64,30,98,55,'Eos odio vel cupiditate rerum quis eveniet nihil rem. Accusamus et sed molestiae illum laudantium sed quasi. Dolorum veritatis debitis accusantium et fuga qui quasi est. Alias ullam quaerat possimus ea ut.','2011-06-05 01:40:18'),(65,93,62,65,'Deserunt est blanditiis quae non iusto in sit. Deserunt voluptas asperiores sit sit. Sed pariatur est non magni placeat natus.','2012-06-14 02:00:41'),(66,12,86,94,'Magnam et ea adipisci illum. Reprehenderit autem ut quibusdam nemo dolore officiis error. Nam reprehenderit natus non.','2020-10-01 08:31:10'),(67,85,78,26,'Libero et dolorem architecto voluptas. Ullam repudiandae totam illo. Quae ut et ipsum ut. Animi quam dolores voluptatem perferendis.','2005-09-06 18:58:31'),(68,69,10,76,'Id quidem dolore non ipsam sed. Sunt harum accusantium tempora voluptas delectus suscipit reiciendis nemo. Voluptatem voluptate qui ut reprehenderit.','2018-01-25 06:16:01'),(69,76,27,19,'Iste dolor pariatur fugiat exercitationem recusandae dolores dolorem amet. Consequatur ut natus assumenda. Qui accusamus ut soluta ad eligendi. Laborum provident temporibus inventore voluptas ut vero ut.','2003-02-05 13:48:16'),(70,21,62,8,'Aut fugiat vero veritatis a voluptas quis quo. Laudantium tempora eum facilis unde facilis praesentium et. Esse delectus iste animi nostrum quis commodi. Sapiente iste a quidem hic.','2005-08-25 15:52:46'),(71,97,81,60,'Ea ipsum et accusamus dolor occaecati soluta itaque ut. Perspiciatis omnis deleniti ut fugiat minima et aut. Cumque eligendi illo doloremque doloremque dolorem.','2012-11-28 15:45:52'),(72,52,49,19,'Consequatur dolorum enim dolorem ut eius. Nulla dolores recusandae maiores repellat ducimus error. Voluptatem in porro et voluptatibus praesentium sed. Inventore possimus reiciendis quo fuga et autem.','2011-03-26 13:04:47'),(73,44,22,63,'Aut repellat eaque et ut sit quia. Sed quae minus aut. Quia aut alias quas ad ex aut explicabo.','2011-01-10 11:51:29'),(74,45,52,61,'Sit dolores odit id non. Ex sit ut et rem optio accusantium autem optio. Sint itaque ad dolorum occaecati et voluptatum quae illo.','1990-05-09 16:42:14'),(75,99,45,22,'Tempora optio quos vel aliquam. Ipsam numquam ratione praesentium. Consequuntur aut soluta nobis ut eum quam.','1998-12-11 20:59:30'),(76,63,56,8,'Error quas quia ut velit. Quisquam voluptas reiciendis nisi. Eius libero tenetur sunt rerum nam molestias.','1981-06-18 22:54:23'),(77,57,40,86,'Ut sed veritatis voluptatum delectus deserunt sed eos odio. Laudantium dolorem modi mollitia quam consectetur. Omnis ullam excepturi ut impedit rerum qui.','1970-08-05 15:36:19'),(78,82,8,95,'Veniam fugiat error et culpa incidunt. Voluptates omnis consectetur et suscipit quis quia. Et nemo fuga debitis earum rerum aliquam.','1999-02-16 10:37:32'),(79,58,83,22,'Rem qui voluptatem illum quidem id. Sunt expedita nobis ut architecto nam quas voluptatem. Quo corporis ut optio quidem voluptates. Est magnam culpa provident vel magni sed voluptas fuga. Et est autem labore aut neque quasi.','2012-04-26 14:36:31'),(80,76,4,84,'Aut quod quod labore doloribus sed ut iure. Adipisci necessitatibus incidunt animi et. Autem ut tenetur temporibus sed odit. Cupiditate in odio optio qui.','1975-02-21 14:50:38'),(81,83,100,64,'Consequatur praesentium nihil et est. Nobis asperiores est totam quibusdam at iusto. Veritatis asperiores corrupti adipisci commodi illo. Minima omnis porro nihil minima non et quidem. Consectetur voluptatibus nobis fuga non deserunt.','2018-05-08 05:10:45'),(82,42,51,13,'Vel id iure enim sapiente. Voluptatibus vero quasi quae corporis repudiandae.','2015-05-20 18:24:17'),(83,61,95,35,'Eos est quasi qui quo porro aut praesentium. Hic et possimus facilis quia deleniti. Voluptate consequuntur alias voluptate suscipit culpa voluptatum.','1987-09-29 02:17:40'),(84,23,39,87,'Quibusdam quod voluptatem non hic. Natus fuga inventore optio numquam ut et sed. Ut cumque dolores pariatur voluptas laborum id.','1981-05-12 01:48:22'),(85,84,38,31,'Perspiciatis perferendis sit rerum quibusdam. Culpa sit dignissimos modi non quia. Aliquid non quo qui.','1982-09-03 17:06:16'),(86,6,100,86,'Assumenda debitis iure quam sed dolor consequatur. Libero tempora tempora recusandae harum ea ducimus aut. Ullam ea totam velit nobis omnis qui error. Et culpa est aut in soluta.','2014-10-13 23:34:00'),(87,13,57,25,'Laboriosam eum quia repudiandae delectus omnis. Qui fuga veritatis illum est. Voluptatibus nihil cumque voluptatem voluptatem. Ipsa tempore corporis consectetur est.','1995-07-09 22:45:04'),(88,98,39,32,'Quae explicabo minima enim qui voluptas sed unde. Culpa ad a et. Corporis perferendis corporis magni. Velit et enim soluta repudiandae. Voluptatibus molestias non aut ipsum nemo amet.','1973-12-15 05:25:03'),(89,93,96,15,'Sit dolorem ipsa cum quas sunt tempore accusamus eaque. Ut veritatis perferendis rerum ipsum. Repudiandae voluptates aliquam dolor beatae.','1978-08-10 13:36:46'),(90,15,72,18,'Error quam eaque explicabo est ducimus rerum tempore inventore. Fuga et velit perferendis veniam modi sed. Corrupti in voluptas quia facilis architecto. Non ullam distinctio fugiat totam tempore.','1978-04-19 00:00:59'),(91,98,54,17,'Ratione sit sed culpa enim repellat atque. Itaque quia expedita delectus quidem dolor nostrum. Facere nemo aut temporibus.','2013-07-05 22:42:31'),(92,62,96,68,'Facilis voluptate numquam non corrupti. Voluptas occaecati ut inventore voluptatem et sunt sed. Perspiciatis consequuntur ut quas vel voluptatibus quasi.','1997-08-31 06:58:00'),(93,74,56,62,'Qui natus deserunt voluptatem ea non sed. Voluptate magni nostrum earum assumenda et est reiciendis eius. Omnis tempore voluptatem placeat explicabo.','1979-10-24 03:23:26'),(94,9,79,1,'Corporis ea occaecati recusandae consectetur quia. Voluptatum magni provident inventore deserunt. Veniam voluptatibus unde in ut molestiae neque vitae praesentium. Laborum sit sint labore voluptatibus. Omnis inventore voluptatem quae.','2000-09-29 22:24:04'),(95,95,63,38,'Iste nam ullam fugit repellendus rem id. Fugiat distinctio quia ea rem animi occaecati aliquam.','2004-03-28 15:55:26'),(96,25,68,38,'Corporis provident omnis explicabo omnis molestiae animi quasi aliquam. Quam porro quibusdam et aut omnis autem voluptatibus. Qui unde voluptatem qui reiciendis nihil.','1981-10-24 05:49:30'),(97,10,80,94,'Ut non dicta cumque mollitia rerum voluptates velit perspiciatis. Eos voluptatem veniam doloribus. Ipsa et illo natus et at autem.','1989-09-15 19:48:35'),(98,35,77,32,'Et et quisquam necessitatibus libero placeat quam est. Doloremque excepturi voluptatibus cumque pariatur. Et quo ullam neque ad necessitatibus et.','1993-08-01 04:03:44'),(99,67,70,28,'Quod soluta inventore animi eum consectetur ab optio cumque. Numquam et numquam provident totam voluptatem incidunt eum dignissimos. Ut distinctio est quos qui. Temporibus sunt similique quod enim ut mollitia quia.','1992-01-19 05:52:15'),(100,81,84,99,'Tempora voluptas id debitis tempore facere nesciunt illum vero. Alias est ea corrupti. Animi quisquam sunt tenetur consectetur fugit qui ratione.','1975-02-15 16:22:08');
/*!40000 ALTER TABLE `comments` ENABLE KEYS */;
UNLOCK TABLES;

--
-- Table structure for table `communities`
--

DROP TABLE IF EXISTS `communities`;
/*!40101 SET @saved_cs_client     = @@character_set_client */;
/*!40101 SET character_set_client = utf8 */;
CREATE TABLE `communities` (
  `id` bigint(20) unsigned NOT NULL AUTO_INCREMENT,
  `name` varchar(150) COLLATE utf8mb4_unicode_ci DEFAULT NULL,
  `admin_user_id` bigint(20) unsigned DEFAULT NULL,
  PRIMARY KEY (`id`),
  KEY `communities_name_idx` (`name`),
  KEY `admin_user_id` (`admin_user_id`),
  CONSTRAINT `communities_ibfk_1` FOREIGN KEY (`admin_user_id`) REFERENCES `users` (`id`) ON DELETE SET NULL ON UPDATE CASCADE
) ENGINE=InnoDB AUTO_INCREMENT=101 DEFAULT CHARSET=utf8mb4 COLLATE=utf8mb4_unicode_ci;
/*!40101 SET character_set_client = @saved_cs_client */;

--
-- Dumping data for table `communities`
--

LOCK TABLES `communities` WRITE;
/*!40000 ALTER TABLE `communities` DISABLE KEYS */;
INSERT INTO `communities` VALUES (1,'et',82),(2,'praesentium',33),(3,'eaque',3),(4,'veritatis',35),(5,'quo',5),(6,'reiciendis',51),(7,'consequatur',29),(8,'molestias',39),(9,'dolorem',42),(10,'itaque',8),(11,'velit',86),(12,'porro',37),(13,'qui',65),(14,'qui',53),(15,'quo',71),(16,'sed',79),(17,'voluptate',75),(18,'tenetur',55),(19,'harum',58),(20,'excepturi',17),(21,'accusantium',53),(22,'ipsum',71),(23,'ipsam',31),(24,'aut',94),(25,'nulla',62),(26,'quo',7),(27,'quos',25),(28,'enim',81),(29,'eaque',14),(30,'dolor',5),(31,'voluptatum',57),(32,'quia',95),(33,'non',38),(34,'nostrum',59),(35,'doloremque',29),(36,'sapiente',43),(37,'sint',10),(38,'ad',58),(39,'fugiat',81),(40,'rerum',51),(41,'tenetur',65),(42,'libero',67),(43,'aspernatur',87),(44,'esse',30),(45,'minus',19),(46,'fugiat',57),(47,'et',8),(48,'quo',94),(49,'nihil',11),(50,'est',66),(51,'non',10),(52,'sint',64),(53,'sed',37),(54,'et',41),(55,'explicabo',58),(56,'id',98),(57,'deserunt',47),(58,'eligendi',83),(59,'iusto',79),(60,'praesentium',61),(61,'accusamus',87),(62,'commodi',35),(63,'corporis',55),(64,'optio',25),(65,'aut',94),(66,'ipsum',84),(67,'voluptas',67),(68,'assumenda',3),(69,'eos',41),(70,'eum',47),(71,'enim',53),(72,'impedit',6),(73,'omnis',13),(74,'doloremque',39),(75,'debitis',36),(76,'harum',32),(77,'omnis',96),(78,'ut',43),(79,'quis',25),(80,'rerum',7),(81,'quo',8),(82,'voluptatum',35),(83,'et',71),(84,'atque',45),(85,'tempore',75),(86,'nam',28),(87,'qui',42),(88,'et',22),(89,'dolor',10),(90,'accusamus',20),(91,'est',82),(92,'cupiditate',97),(93,'quas',55),(94,'corrupti',37),(95,'quod',21),(96,'asperiores',49),(97,'et',21),(98,'eaque',88),(99,'eligendi',51),(100,'mollitia',62);
/*!40000 ALTER TABLE `communities` ENABLE KEYS */;
UNLOCK TABLES;

--
-- Table structure for table `friend_requests`
--

DROP TABLE IF EXISTS `friend_requests`;
/*!40101 SET @saved_cs_client     = @@character_set_client */;
/*!40101 SET character_set_client = utf8 */;
CREATE TABLE `friend_requests` (
  `initiator_user_id` bigint(20) unsigned NOT NULL,
  `target_user_id` bigint(20) unsigned NOT NULL,
  `status` enum('requested','approved','declined','unfriended') COLLATE utf8mb4_unicode_ci DEFAULT NULL,
  `requested_at` datetime DEFAULT current_timestamp(),
  `updated_at` datetime DEFAULT NULL ON UPDATE current_timestamp(),
  PRIMARY KEY (`initiator_user_id`,`target_user_id`),
  KEY `target_user_id` (`target_user_id`),
  CONSTRAINT `friend_requests_ibfk_1` FOREIGN KEY (`initiator_user_id`) REFERENCES `users` (`id`) ON DELETE CASCADE ON UPDATE CASCADE,
  CONSTRAINT `friend_requests_ibfk_2` FOREIGN KEY (`target_user_id`) REFERENCES `users` (`id`) ON DELETE CASCADE ON UPDATE CASCADE
) ENGINE=InnoDB DEFAULT CHARSET=utf8mb4 COLLATE=utf8mb4_unicode_ci;
/*!40101 SET character_set_client = @saved_cs_client */;

--
-- Dumping data for table `friend_requests`
--

LOCK TABLES `friend_requests` WRITE;
/*!40000 ALTER TABLE `friend_requests` DISABLE KEYS */;
INSERT INTO `friend_requests` VALUES (1,8,'declined','2018-02-24 12:22:55','1983-07-13 04:02:15'),(4,82,'approved','2009-02-13 23:57:56','1993-01-08 02:36:57'),(6,98,'unfriended','1993-03-01 23:30:49','2010-08-17 09:05:20'),(9,30,'declined','1980-04-24 08:24:23','1998-07-03 13:28:16'),(9,88,'declined','2007-06-14 08:18:06','1989-01-06 09:37:01'),(12,25,'approved','1996-06-09 23:38:20','1978-04-26 01:27:20'),(12,56,'approved','1995-05-12 20:24:41','2011-03-14 01:21:09'),(12,86,'unfriended','1990-05-15 05:02:32','1980-10-28 05:02:32'),(14,44,'declined','1982-04-18 09:23:59','2004-05-25 20:58:31'),(14,57,'requested','2015-11-25 10:57:19','2001-08-02 22:30:39'),(14,81,'requested','1973-10-26 04:59:22','1993-12-01 05:50:33'),(15,49,'declined','1973-05-08 14:46:29','2021-09-06 16:12:43'),(16,49,'requested','2008-06-16 06:21:14','1989-10-04 13:01:06'),(17,87,'unfriended','2014-05-11 19:22:05','2015-06-24 04:01:57'),(18,90,'unfriended','1999-05-23 23:18:33','1973-10-28 06:31:15'),(22,84,'declined','1987-06-16 07:04:40','1995-11-10 12:46:58'),(22,94,'requested','1993-07-01 23:43:35','1979-03-05 20:18:00'),(23,74,'requested','1982-10-07 11:34:21','1991-08-25 22:22:33'),(23,77,'declined','2000-02-06 21:18:09','2007-07-22 08:42:10'),(24,99,'approved','2015-07-07 09:17:20','2007-11-24 06:05:01'),(25,13,'approved','1982-09-29 09:59:15','1987-08-18 06:23:11'),(25,45,'requested','2012-05-22 14:27:25','1979-04-10 03:54:35'),(28,35,'unfriended','1999-02-14 17:29:48','1970-08-08 13:16:54'),(29,88,'requested','2019-01-16 12:06:38','2017-08-22 16:05:05'),(32,5,'declined','2012-11-03 20:37:09','1996-12-09 18:08:36'),(33,32,'declined','2000-07-27 08:45:09','1999-01-17 05:04:41'),(33,50,'approved','1996-10-11 11:04:26','1989-04-01 13:03:49'),(33,65,'approved','1999-01-09 15:11:51','1980-03-30 02:42:40'),(35,30,'unfriended','1999-12-23 15:15:14','1996-09-08 09:04:38'),(35,56,'declined','1994-05-15 12:10:39','2004-05-05 16:03:49'),(35,89,'declined','1990-02-17 05:12:59','1991-04-13 20:40:06'),(36,84,'approved','1998-03-10 00:50:14','1999-10-28 21:23:34'),(39,97,'declined','2005-10-15 20:16:46','1972-03-10 06:07:16'),(39,98,'approved','2016-12-06 21:56:20','2004-01-21 00:03:55'),(40,67,'requested','1998-05-07 14:39:38','1973-11-10 05:50:14'),(40,78,'declined','1982-09-11 19:52:31','2011-07-03 16:45:13'),(41,37,'unfriended','1998-12-05 19:27:17','2012-03-27 11:51:49'),(42,27,'declined','1986-06-28 09:51:42','1984-11-30 23:43:03'),(43,9,'unfriended','1987-05-12 00:15:02','1989-03-28 20:56:37'),(45,37,'declined','2022-05-01 00:38:38','2020-05-24 06:28:58'),(45,68,'requested','2007-03-14 19:38:16','2010-08-05 17:07:15'),(48,6,'declined','2006-10-06 21:55:49','1986-03-15 03:53:01'),(48,36,'approved','1993-12-09 13:45:51','2014-02-23 12:34:38'),(50,25,'requested','2021-01-24 03:03:15','1970-10-20 06:52:45'),(50,45,'requested','2006-12-17 09:09:58','2019-02-26 21:34:16'),(51,95,'requested','2002-10-25 14:56:04','1981-03-29 11:36:31'),(51,97,'requested','2007-09-05 17:45:08','1977-03-06 23:16:56'),(53,81,'requested','1973-07-23 03:24:37','1976-04-13 17:29:29'),(54,27,'requested','2021-12-11 23:18:09','2001-03-27 03:38:01'),(55,56,'requested','1998-04-17 06:39:26','1982-06-01 01:09:28'),(55,66,'requested','1989-03-31 14:42:21','1998-05-16 20:28:30'),(57,18,'declined','1984-08-30 05:11:41','2015-10-24 23:56:27'),(57,40,'requested','1983-08-09 16:04:38','1984-01-12 00:49:06'),(57,60,'declined','2016-05-12 11:22:01','2018-10-06 12:02:00'),(58,35,'approved','1976-08-18 12:56:28','1998-03-18 01:41:00'),(58,38,'requested','2012-08-08 06:25:43','1978-07-03 18:51:15'),(58,46,'approved','2021-04-19 10:06:19','2010-02-07 19:15:18'),(60,11,'requested','2002-01-26 22:24:00','1979-10-13 02:38:02'),(60,100,'approved','1973-02-28 12:37:14','2004-03-16 02:47:21'),(61,8,'declined','2021-08-23 17:34:46','2017-02-18 05:17:45'),(62,13,'unfriended','2014-06-30 21:10:19','1992-07-27 07:43:13'),(62,46,'approved','2018-05-30 02:51:04','2007-12-13 09:23:58'),(63,54,'approved','2015-10-10 19:05:47','2010-02-25 01:53:14'),(64,12,'requested','1993-07-20 13:26:02','2012-10-18 18:54:19'),(67,4,'unfriended','1997-03-03 06:25:12','2000-10-24 07:41:30'),(67,43,'unfriended','1975-04-24 18:31:53','2015-11-11 17:26:51'),(68,73,'requested','1998-06-14 08:57:44','2015-02-07 13:15:13'),(69,67,'requested','1999-03-18 22:05:49','2000-09-30 05:27:35'),(71,59,'unfriended','1997-01-19 23:24:22','1975-04-14 00:32:54'),(74,13,'approved','1992-12-29 12:07:47','2009-10-12 00:55:12'),(74,14,'requested','2015-10-26 16:15:39','1987-09-14 08:14:44'),(74,60,'approved','2012-09-07 23:11:33','1972-03-26 04:13:51'),(76,28,'declined','2007-06-14 17:21:28','1973-11-21 16:22:47'),(78,20,'unfriended','1987-11-07 22:01:43','1973-10-26 16:33:25'),(78,72,'approved','1985-04-05 06:35:13','2013-06-29 12:16:01'),(78,84,'approved','1991-07-10 16:14:43','2021-12-21 08:25:36'),(79,26,'declined','1976-01-19 06:03:52','1982-06-05 01:50:46'),(79,48,'unfriended','1979-08-08 01:08:09','2022-01-21 07:36:44'),(79,88,'requested','1983-04-10 13:56:06','2008-03-18 05:27:41'),(80,82,'approved','1982-09-15 16:52:16','2021-05-24 18:42:37'),(81,95,'declined','2012-10-05 18:48:41','2011-12-26 21:53:08'),(82,75,'declined','2017-08-13 04:31:47','1990-11-06 00:26:04'),(84,31,'declined','1993-05-05 23:56:05','2000-09-11 01:54:17'),(85,12,'declined','1976-10-09 12:05:12','1995-02-12 15:29:54'),(86,25,'declined','1974-12-07 09:00:59','2015-12-15 19:47:30'),(89,16,'approved','1972-12-09 14:22:14','2007-03-04 12:06:41'),(89,66,'unfriended','2014-03-06 06:28:23','1983-11-29 15:02:54'),(89,71,'requested','1987-01-01 12:20:46','1990-04-22 09:50:38'),(89,85,'approved','1991-12-31 20:46:07','1993-07-02 18:04:25'),(90,57,'declined','1970-07-20 08:39:38','1986-12-24 21:03:11'),(91,4,'requested','1994-06-18 07:03:38','2000-05-07 07:12:19'),(91,47,'requested','2015-09-22 08:07:15','2021-06-19 00:55:33'),(91,99,'requested','2020-11-02 05:37:33','1981-09-28 08:10:39'),(93,46,'approved','1982-10-02 18:47:07','1994-06-08 04:40:04'),(95,33,'declined','2017-06-22 09:26:35','2016-07-29 09:34:45'),(96,5,'unfriended','1980-06-16 06:00:01','1991-04-09 13:40:34'),(97,8,'requested','1972-02-28 02:03:03','2001-10-19 11:36:25'),(97,24,'declined','2013-05-01 02:38:49','1993-03-04 19:40:57'),(98,1,'unfriended','1989-04-03 02:48:45','1986-09-05 17:31:58'),(100,54,'approved','1993-10-31 20:52:47','1987-03-03 21:23:33');
/*!40000 ALTER TABLE `friend_requests` ENABLE KEYS */;
UNLOCK TABLES;

--
-- Table structure for table `friends`
--

DROP TABLE IF EXISTS `friends`;
/*!40101 SET @saved_cs_client     = @@character_set_client */;
/*!40101 SET character_set_client = utf8 */;
CREATE TABLE `friends` (
  `id` bigint(20) unsigned NOT NULL AUTO_INCREMENT,
  `friend_id` bigint(20) unsigned NOT NULL,
  `main_user_id` bigint(20) unsigned NOT NULL,
  `added_at` datetime DEFAULT current_timestamp(),
  PRIMARY KEY (`id`),
  KEY `friend_id` (`friend_id`),
  KEY `main_user_id` (`main_user_id`),
  CONSTRAINT `friends_ibfk_1` FOREIGN KEY (`friend_id`) REFERENCES `users` (`id`) ON DELETE CASCADE ON UPDATE CASCADE,
  CONSTRAINT `friends_ibfk_2` FOREIGN KEY (`main_user_id`) REFERENCES `users` (`id`) ON DELETE CASCADE ON UPDATE CASCADE
) ENGINE=InnoDB AUTO_INCREMENT=101 DEFAULT CHARSET=utf8mb4 COLLATE=utf8mb4_unicode_ci;
/*!40101 SET character_set_client = @saved_cs_client */;

--
-- Dumping data for table `friends`
--

LOCK TABLES `friends` WRITE;
/*!40000 ALTER TABLE `friends` DISABLE KEYS */;
INSERT INTO `friends` VALUES (1,64,47,'2009-08-15 14:37:18'),(2,93,20,'2007-05-11 07:25:51'),(3,39,39,'2019-11-18 04:41:32'),(4,17,19,'1999-10-13 19:54:05'),(5,45,67,'2005-03-22 09:17:12'),(6,13,88,'2011-04-04 02:20:18'),(7,43,48,'2013-06-21 11:33:51'),(8,89,68,'2010-06-03 22:19:44'),(9,2,82,'1990-10-31 20:43:31'),(10,35,1,'1979-05-29 15:52:49'),(11,26,65,'1986-05-05 13:11:09'),(12,9,27,'1995-08-24 07:54:29'),(13,44,100,'1984-10-29 01:42:57'),(14,61,63,'1998-03-13 16:16:13'),(15,48,88,'2001-03-14 21:03:42'),(16,92,11,'2010-11-07 12:39:16'),(17,35,84,'1999-10-15 22:21:41'),(18,31,73,'2007-10-17 08:10:08'),(19,23,47,'1997-01-19 16:51:41'),(20,91,67,'1993-01-24 11:21:38'),(21,14,3,'2021-05-17 02:45:13'),(22,55,56,'1995-01-15 14:15:02'),(23,51,44,'2000-06-11 06:45:37'),(24,24,52,'1997-05-22 19:36:13'),(25,25,59,'2016-01-03 23:42:45'),(26,52,51,'1987-05-26 04:23:01'),(27,23,61,'2010-05-20 15:33:36'),(28,77,66,'1981-07-17 11:42:19'),(29,60,37,'1979-03-09 23:41:28'),(30,29,8,'2016-11-25 12:50:57'),(31,24,21,'2020-12-11 18:13:15'),(32,19,59,'1982-12-11 04:07:30'),(33,5,49,'2017-01-23 17:49:06'),(34,31,27,'1995-06-07 08:34:05'),(35,96,21,'2004-09-05 18:29:14'),(36,94,9,'1984-11-03 18:18:30'),(37,24,48,'2019-10-19 23:11:18'),(38,65,75,'1985-10-03 20:34:56'),(39,91,89,'1998-11-28 23:44:41'),(40,26,16,'1997-09-30 21:46:00'),(41,47,78,'2012-02-13 23:01:44'),(42,66,70,'1987-12-21 01:21:49'),(43,38,43,'1993-05-25 18:40:57'),(44,36,98,'1992-09-07 16:53:44'),(45,80,64,'2019-02-27 12:54:30'),(46,5,4,'2000-05-03 22:47:13'),(47,84,23,'1985-09-09 03:27:50'),(48,62,88,'1991-07-04 23:00:51'),(49,72,92,'1987-09-05 00:57:14'),(50,14,68,'2018-08-28 10:53:49'),(51,13,7,'1999-07-10 02:29:24'),(52,76,37,'2000-06-28 17:17:08'),(53,55,41,'2016-10-26 06:18:42'),(54,11,46,'2021-03-16 10:07:33'),(55,29,37,'1982-04-15 18:27:02'),(56,61,76,'1977-11-14 03:15:59'),(57,14,27,'2014-08-04 04:14:57'),(58,45,52,'1989-03-26 14:38:26'),(59,69,80,'2020-11-17 13:49:18'),(60,49,48,'2018-02-14 03:00:16'),(61,43,54,'2009-01-09 04:38:48'),(62,52,27,'1974-10-16 17:44:47'),(63,77,13,'2010-03-21 00:43:25'),(64,14,49,'2022-03-05 15:15:37'),(65,4,28,'1992-10-18 23:37:38'),(66,16,17,'1986-05-06 23:23:09'),(67,35,91,'2014-02-14 11:51:48'),(68,53,90,'1994-11-16 02:04:31'),(69,32,63,'1971-03-05 20:36:00'),(70,35,60,'1970-10-17 16:25:35'),(71,99,96,'1994-11-06 03:03:36'),(72,35,13,'1979-04-10 16:58:46'),(73,23,79,'2000-10-31 15:05:33'),(74,65,92,'2006-10-03 02:04:14'),(75,59,13,'2015-10-19 11:49:01'),(76,40,2,'2001-04-14 09:30:18'),(77,67,91,'1987-07-25 18:08:53'),(78,28,44,'1978-03-21 15:31:14'),(79,3,42,'2009-06-18 11:56:46'),(80,92,7,'1978-06-17 23:28:24'),(81,70,7,'2004-12-16 07:34:25'),(82,23,5,'2009-01-28 03:21:26'),(83,98,75,'1988-06-16 21:37:45'),(84,94,29,'1992-02-22 05:08:51'),(85,38,29,'2016-01-04 05:34:57'),(86,88,37,'1978-08-13 05:35:20'),(87,25,23,'2018-01-30 05:08:56'),(88,50,47,'1981-10-17 17:34:14'),(89,2,14,'2000-01-28 21:03:18'),(90,39,60,'1986-12-13 01:22:33'),(91,27,78,'1973-02-20 14:40:56'),(92,62,94,'1993-05-09 06:00:24'),(93,68,90,'2003-09-08 15:43:36'),(94,37,70,'1979-03-26 22:43:51'),(95,31,28,'2017-06-24 01:37:35'),(96,77,1,'1993-03-28 06:35:19'),(97,34,99,'2011-11-18 17:29:35'),(98,6,32,'2010-08-10 14:35:34'),(99,74,99,'1993-12-09 09:08:34'),(100,60,12,'1975-02-23 17:04:43');
/*!40000 ALTER TABLE `friends` ENABLE KEYS */;
UNLOCK TABLES;

--
-- Table structure for table `likes`
--

DROP TABLE IF EXISTS `likes`;
/*!40101 SET @saved_cs_client     = @@character_set_client */;
/*!40101 SET character_set_client = utf8 */;
CREATE TABLE `likes` (
  `id` bigint(20) unsigned NOT NULL AUTO_INCREMENT,
  `user_id` bigint(20) unsigned NOT NULL,
  `media_id` bigint(20) unsigned NOT NULL,
  `created_at` datetime DEFAULT current_timestamp(),
  PRIMARY KEY (`id`),
  KEY `user_id` (`user_id`),
  KEY `media_id` (`media_id`),
  CONSTRAINT `likes_ibfk_1` FOREIGN KEY (`user_id`) REFERENCES `users` (`id`) ON DELETE CASCADE ON UPDATE CASCADE,
  CONSTRAINT `likes_ibfk_2` FOREIGN KEY (`media_id`) REFERENCES `media` (`id`) ON DELETE CASCADE ON UPDATE CASCADE
) ENGINE=InnoDB AUTO_INCREMENT=101 DEFAULT CHARSET=utf8mb4 COLLATE=utf8mb4_unicode_ci;
/*!40101 SET character_set_client = @saved_cs_client */;

--
-- Dumping data for table `likes`
--

LOCK TABLES `likes` WRITE;
/*!40000 ALTER TABLE `likes` DISABLE KEYS */;
INSERT INTO `likes` VALUES (1,97,25,'2013-07-18 09:43:38'),(2,72,75,'1972-02-17 12:32:58'),(3,88,44,'1981-08-13 12:06:08'),(4,71,57,'1975-10-27 13:07:19'),(5,73,19,'2014-10-22 06:51:29'),(6,19,87,'1994-09-17 07:49:10'),(7,12,76,'1985-11-14 19:34:45'),(8,88,98,'2009-04-14 14:38:22'),(9,15,92,'2012-07-10 17:51:04'),(10,63,18,'1991-11-04 05:04:51'),(11,82,83,'2000-09-04 04:26:19'),(12,4,86,'2002-08-19 09:00:55'),(13,53,36,'1987-10-02 16:50:38'),(14,76,79,'1984-06-25 01:34:40'),(15,63,23,'2002-09-28 12:04:37'),(16,52,60,'2014-09-16 12:37:50'),(17,47,23,'2017-10-25 01:54:59'),(18,35,34,'1978-06-09 03:53:21'),(19,67,5,'1996-06-13 10:31:21'),(20,90,39,'1971-10-07 19:53:34'),(21,23,8,'2001-05-17 18:24:44'),(22,26,35,'1972-04-25 04:10:29'),(23,83,13,'1978-06-03 10:47:57'),(24,33,97,'1988-01-15 21:55:22'),(25,4,95,'1979-06-15 16:28:41'),(26,15,86,'1987-03-26 19:37:45'),(27,78,18,'1994-06-09 01:22:13'),(28,71,31,'2020-11-13 10:22:34'),(29,54,47,'1994-05-12 05:12:59'),(30,9,16,'1990-08-22 04:54:07'),(31,69,61,'2018-03-04 20:20:39'),(32,76,15,'1987-08-28 15:27:05'),(33,84,10,'2010-01-05 15:59:18'),(34,49,50,'1998-03-23 15:49:11'),(35,15,38,'1993-01-27 00:21:59'),(36,89,38,'1983-03-26 09:22:03'),(37,46,15,'2020-04-05 03:07:17'),(38,72,28,'1989-04-05 01:29:02'),(39,27,4,'2006-05-26 04:39:02'),(40,25,31,'1988-08-18 17:08:19'),(41,99,39,'1974-08-09 18:09:34'),(42,16,76,'1988-06-26 02:39:42'),(43,57,87,'1999-02-20 10:28:50'),(44,7,10,'1990-07-23 13:57:47'),(45,33,15,'2000-06-26 10:44:51'),(46,25,2,'2003-07-01 13:30:34'),(47,76,1,'1997-02-20 13:30:38'),(48,17,59,'2004-10-29 00:03:46'),(49,11,65,'2007-07-17 11:37:54'),(50,9,25,'1981-08-05 13:12:02'),(51,3,98,'1978-11-30 13:17:12'),(52,63,48,'2018-07-29 10:24:05'),(53,12,34,'1990-02-26 08:49:26'),(54,76,38,'2002-07-07 02:05:47'),(55,38,100,'1984-03-15 19:36:52'),(56,68,36,'1998-08-28 18:15:58'),(57,39,84,'1998-03-23 15:37:28'),(58,12,95,'2005-11-17 09:30:52'),(59,70,18,'1987-07-12 15:46:48'),(60,4,3,'1977-11-12 14:09:49'),(61,33,29,'1995-07-13 12:57:26'),(62,4,8,'1999-06-19 10:02:26'),(63,30,21,'1977-03-04 03:33:48'),(64,67,40,'2006-01-12 12:01:57'),(65,85,75,'2017-04-19 19:52:56'),(66,65,87,'2013-12-10 18:27:24'),(67,72,28,'1971-06-10 20:03:19'),(68,35,84,'2007-03-03 23:32:37'),(69,61,10,'2016-01-30 14:46:20'),(70,21,98,'1992-11-24 12:47:00'),(71,10,89,'2016-11-20 16:29:17'),(72,34,49,'2011-10-03 15:21:06'),(73,73,45,'1979-02-22 17:11:05'),(74,43,43,'1998-02-23 14:23:16'),(75,62,47,'1973-02-07 06:17:00'),(76,45,94,'1983-06-16 19:48:05'),(77,76,49,'2020-02-29 00:32:31'),(78,1,5,'2016-12-08 10:14:00'),(79,69,67,'1998-12-14 10:20:17'),(80,45,54,'2007-08-16 00:28:05'),(81,42,10,'2013-06-25 23:02:47'),(82,41,14,'1978-02-24 07:51:22'),(83,37,75,'2004-03-29 00:29:05'),(84,97,98,'2014-08-24 15:04:41'),(85,84,18,'1985-08-25 09:21:42'),(86,96,94,'2005-07-26 06:05:54'),(87,7,29,'2019-05-28 14:29:39'),(88,42,79,'1994-06-22 11:34:47'),(89,73,85,'1988-08-07 04:19:13'),(90,21,35,'2012-05-22 05:47:02'),(91,32,66,'1977-10-28 14:03:09'),(92,28,7,'1993-11-21 12:29:07'),(93,14,29,'1977-02-21 16:35:01'),(94,12,83,'2014-04-02 05:38:14'),(95,96,57,'2003-03-07 10:36:38'),(96,36,37,'1989-03-15 08:38:36'),(97,67,76,'1978-07-02 23:34:02'),(98,51,3,'2015-08-01 13:48:33'),(99,50,47,'2018-03-25 01:19:17'),(100,1,34,'1995-08-06 15:27:11');
/*!40000 ALTER TABLE `likes` ENABLE KEYS */;
UNLOCK TABLES;

--
-- Table structure for table `media`
--

DROP TABLE IF EXISTS `media`;
/*!40101 SET @saved_cs_client     = @@character_set_client */;
/*!40101 SET character_set_client = utf8 */;
CREATE TABLE `media` (
  `id` bigint(20) unsigned NOT NULL AUTO_INCREMENT,
  `media_type_id` bigint(20) unsigned DEFAULT NULL,
  `user_id` bigint(20) unsigned NOT NULL,
  `body` text COLLATE utf8mb4_unicode_ci DEFAULT NULL,
  `filename` varchar(255) COLLATE utf8mb4_unicode_ci DEFAULT NULL,
  `size` int(11) DEFAULT NULL,
  `metadata` longtext CHARACTER SET utf8mb4 COLLATE utf8mb4_bin DEFAULT NULL CHECK (json_valid(`metadata`)),
  `created_at` datetime DEFAULT current_timestamp(),
  `updated_at` datetime DEFAULT current_timestamp() ON UPDATE current_timestamp(),
  PRIMARY KEY (`id`),
  KEY `user_id` (`user_id`),
  KEY `media_type_id` (`media_type_id`),
  CONSTRAINT `media_ibfk_1` FOREIGN KEY (`user_id`) REFERENCES `users` (`id`) ON DELETE CASCADE ON UPDATE CASCADE,
  CONSTRAINT `media_ibfk_2` FOREIGN KEY (`media_type_id`) REFERENCES `media_types` (`id`) ON DELETE SET NULL ON UPDATE CASCADE
) ENGINE=InnoDB AUTO_INCREMENT=101 DEFAULT CHARSET=utf8mb4 COLLATE=utf8mb4_unicode_ci;
/*!40101 SET character_set_client = @saved_cs_client */;

--
-- Dumping data for table `media`
--

LOCK TABLES `media` WRITE;
/*!40000 ALTER TABLE `media` DISABLE KEYS */;
INSERT INTO `media` VALUES (1,1,45,'Cumque culpa beatae debitis totam. Qui est debitis aut magnam mollitia ex. Aut perspiciatis rerum nihil. Eaque labore molestias minima enim excepturi suscipit.','enim',995091965,NULL,'1981-01-16 16:46:22','1972-06-03 04:33:30'),(2,2,78,'Illo ut quidem totam aliquid est ut nostrum quia. A neque et impedit laborum. Doloribus et est ut ut saepe nihil. Architecto est neque hic tempora consequatur.','quibusdam',0,NULL,'1978-04-17 10:17:20','1991-08-04 13:10:45'),(3,3,77,'Voluptas officiis officiis quis atque ipsam. Nisi maxime possimus autem incidunt qui omnis et. Quia recusandae asperiores et corrupti minima tenetur. Laborum molestiae laborum omnis.','numquam',158217,NULL,'1978-01-18 09:56:48','1976-07-25 00:43:19'),(4,4,29,'Quos dicta ut expedita asperiores. Saepe et ut ab sapiente quisquam. Et assumenda consequatur laudantium quia rerum amet.','dignissimos',78462,NULL,'1973-08-27 10:47:09','2016-02-16 00:37:28'),(5,1,8,'Ipsam facere minus dolorem nesciunt commodi voluptas rerum corporis. Nam molestiae sed facilis. Sit consequatur eos doloremque et labore eum.','deleniti',703710758,NULL,'2012-08-13 01:11:22','1986-08-02 19:28:23'),(6,2,46,'Ratione ullam ratione aspernatur quasi fugiat eos et voluptatem. Deserunt ea et quis esse enim.','incidunt',5,NULL,'1997-12-28 12:25:11','2005-04-02 15:12:15'),(7,3,21,'Deleniti quam perspiciatis cumque omnis aut ducimus. Consequatur amet autem velit et qui qui. Velit dicta ut ad minima quis qui asperiores. Sit illo est amet.','quae',501597343,NULL,'2021-03-13 02:47:51','1982-03-05 08:17:46'),(8,4,25,'Asperiores suscipit tempora repellat similique. Eum ut praesentium quia iste. Iusto distinctio vitae odio perspiciatis dolorem ad fugit.','officia',3,NULL,'2013-08-12 20:25:39','2021-11-21 14:56:11'),(9,1,33,'Omnis dolorem sequi voluptas. Eum id similique perspiciatis tempora. Eveniet laboriosam voluptas veritatis molestiae quidem. Molestias quia ullam voluptatibus.','ea',53920,NULL,'1980-01-01 03:04:28','1995-02-01 18:35:00'),(10,2,39,'Ratione impedit alias maiores non. Repudiandae cumque recusandae corrupti delectus vero. Veritatis et veniam sunt recusandae in libero culpa. Dolor non assumenda similique.','necessitatibus',795549077,NULL,'1989-04-10 18:19:53','1976-10-20 04:46:03'),(11,3,99,'Qui impedit eos delectus magni officia sed. Sed ipsum omnis rerum harum esse ipsa accusantium.','doloremque',7184,NULL,'2016-03-19 00:14:03','2009-03-21 11:19:55'),(12,4,53,'Amet quisquam voluptatem quos quidem rerum ut voluptatem. Voluptatum exercitationem autem aliquam dicta asperiores ipsum dolores at. Et est excepturi suscipit repudiandae deleniti non. Quis possimus eum et. Optio nostrum veritatis eius doloremque ab ullam delectus ipsam.','ad',2,NULL,'2015-05-18 12:38:18','2016-05-31 05:04:30'),(13,1,86,'Eum pariatur cupiditate modi facere nisi consequatur. Consequatur quo maiores sed quae repudiandae vero totam repellendus. Error quibusdam temporibus molestias quae et.','dicta',0,NULL,'2008-06-04 03:22:52','1985-12-05 13:56:05'),(14,2,88,'Numquam magnam id ipsa adipisci. Cumque cupiditate aut explicabo et libero ut saepe iusto. Magni maxime placeat ducimus.','sed',0,NULL,'1990-06-16 21:32:33','2007-09-14 11:42:09'),(15,3,69,'Beatae porro quasi officia iure. Fuga sequi explicabo voluptatem praesentium. Asperiores neque adipisci ut expedita. Iure est quibusdam odio molestias perspiciatis ducimus.','quis',963043986,NULL,'2008-12-12 08:26:44','1979-03-04 22:55:57'),(16,4,8,'Esse eos earum assumenda ullam fuga. Enim et sint temporibus amet quasi. Laudantium molestiae nihil natus nihil.','doloribus',0,NULL,'1990-11-02 22:29:56','1998-06-12 09:47:48'),(17,1,72,'Reprehenderit qui architecto ut qui debitis corrupti nam. Neque velit voluptas quia quia. Minima consequatur quos eligendi temporibus soluta sapiente. Doloremque blanditiis commodi reprehenderit. Accusamus nisi dignissimos rerum.','molestias',19482129,NULL,'1980-06-11 17:38:42','1999-09-01 23:41:15'),(18,2,42,'Eum magnam officia suscipit. Asperiores officia odit ut vel nisi. Nemo sed consequuntur accusamus porro labore quas quod.','quia',4,NULL,'2012-02-22 09:38:00','1987-10-28 11:15:57'),(19,3,86,'Et officia accusamus unde quod. Itaque vero voluptatem blanditiis recusandae ipsa quia veniam sit. Impedit voluptatem eveniet ut. Iste quibusdam fuga repellendus id voluptate.','consectetur',743398,NULL,'2008-12-28 04:20:21','2011-01-10 13:47:41'),(20,4,75,'Esse est aspernatur vel cupiditate eum est. Minima ut et ea. Voluptates magnam quis natus. Quis iste asperiores iure dolores.','velit',64,NULL,'1996-08-19 21:33:57','1989-07-31 13:14:48'),(21,1,40,'Nihil dolore fugiat cum recusandae aut magnam corrupti. Excepturi quia error maiores eum qui iure fuga quia. Repellendus eos dolore quia. Laudantium expedita perferendis voluptatibus in cupiditate.','aut',26055,NULL,'2013-10-21 00:41:58','2004-10-19 04:43:09'),(22,2,46,'Repellendus ut accusantium id rerum ab. Sed beatae dolores voluptates omnis exercitationem aut. Ut et culpa corrupti laboriosam eligendi eum. Occaecati impedit iure qui molestiae omnis quaerat architecto dicta.','nesciunt',47429,NULL,'1975-05-26 23:10:29','1988-11-08 00:18:40'),(23,3,2,'Maiores odit vel dolorem excepturi. Et fugiat nihil in harum qui asperiores nesciunt. Non ab quaerat qui nulla vel sequi. Omnis nam necessitatibus aut quia et et enim.','nulla',3,NULL,'1983-08-27 14:01:14','1986-07-26 00:20:07'),(24,4,18,'Atque facere tenetur expedita dolor quod aliquam qui. Sed harum repudiandae doloremque accusantium. Occaecati quasi libero voluptate quod repudiandae ut illo.','aliquam',5,NULL,'2014-10-30 14:58:55','2014-06-13 02:05:14'),(25,1,34,'Nihil veritatis id eius qui est totam. Possimus ad voluptas et quae provident. Magni saepe porro commodi alias. Tempore debitis ipsa vel.','aliquid',823105101,NULL,'2016-01-15 20:31:50','1985-12-16 19:54:21'),(26,2,24,'Nisi est velit maiores ut enim ipsam. Sunt fugit atque voluptas cupiditate aut debitis possimus. Dolores eos possimus natus ratione ut.','reiciendis',848482782,NULL,'2003-06-03 18:46:30','2021-05-12 20:02:47'),(27,3,66,'Nihil iure blanditiis delectus doloribus eum velit reiciendis. Architecto sint iste illum illo. Officiis expedita qui assumenda nam.','neque',0,NULL,'1972-08-08 11:47:26','1993-10-04 16:52:27'),(28,4,54,'Veritatis velit ea quo ex eum perspiciatis qui. Quis autem nobis fugit eos. Rerum sit ut rerum explicabo est voluptatem. Nesciunt nostrum qui soluta et et.','inventore',789,NULL,'1981-02-07 04:07:56','1994-04-04 14:47:11'),(29,1,45,'Perspiciatis facere incidunt explicabo dolores rerum deleniti. Voluptas culpa aut distinctio. Voluptatem quis quisquam debitis. Debitis sit quaerat voluptatem ipsa consectetur.','quisquam',369728,NULL,'1978-01-21 12:11:45','2020-09-29 16:59:01'),(30,2,77,'Molestiae ducimus sequi veritatis numquam. Ratione molestiae quibusdam quia omnis est non.','sequi',866248128,NULL,'2005-07-17 17:55:26','1986-12-18 10:35:33'),(31,3,80,'Omnis autem molestias veniam laboriosam. Ipsa in reprehenderit perspiciatis sed molestiae est nesciunt. Atque sed architecto repudiandae doloremque quod fuga impedit.','voluptate',679800,NULL,'2000-11-22 08:45:10','1981-09-22 03:09:11'),(32,4,89,'Similique dolores dolorum temporibus nobis deserunt. Quos labore nobis dolor sit provident qui necessitatibus. Quia eos aut doloremque. Eveniet hic soluta ea adipisci fuga.','eaque',53,NULL,'1972-03-19 10:33:05','2013-03-30 09:25:14'),(33,1,54,'Asperiores inventore cupiditate voluptatum incidunt dolorum. Et quae et odit accusamus. Cum delectus blanditiis molestias reprehenderit ab cumque.','suscipit',2,NULL,'1998-06-04 14:18:55','2008-09-10 22:08:38'),(34,2,56,'Incidunt sapiente libero fugiat. Occaecati veritatis similique reiciendis est. Ipsa sunt et fugit inventore dolorum. Maxime sit distinctio ullam accusantium distinctio sit.','odit',0,NULL,'1979-12-18 04:48:10','1976-06-19 12:35:14'),(35,3,17,'Minus in veritatis sequi. Alias autem necessitatibus sit magnam. Corporis ut illo in dolores optio velit labore placeat.','sit',826,NULL,'1970-04-25 01:38:07','1997-05-20 07:27:40'),(36,4,61,'Repellendus amet asperiores distinctio quia. A et veniam recusandae debitis. Sequi similique animi itaque dolores consequatur dignissimos.','porro',80031,NULL,'1976-03-28 00:29:29','1996-10-19 09:07:30'),(37,1,2,'Dolor id nobis culpa quis quibusdam dolor. Non nihil dicta aspernatur velit deleniti quasi facere consequatur. Cumque voluptatem neque et quia eos. Amet culpa non minus et sapiente voluptatem.','aut',686834527,NULL,'2013-03-18 16:37:35','2001-05-02 05:36:14'),(38,2,38,'Reiciendis facilis dolor ratione nostrum omnis et dolorum. Maxime ad velit non. Voluptatum vero est deserunt maiores suscipit. Natus nobis eum rem provident dolorem quidem sit.','asperiores',0,NULL,'1973-07-13 05:23:40','1996-10-26 14:10:40'),(39,3,85,'Rerum error quasi quis repellat quia. Nihil ab soluta modi qui quidem et. Neque et sapiente reiciendis error debitis libero.','exercitationem',0,NULL,'1978-04-18 01:52:09','1974-08-20 06:57:27'),(40,4,34,'Fugit qui unde excepturi. Ipsa ab qui voluptates quia est exercitationem consectetur. Quia autem quis fuga ea quas nam.','et',4,NULL,'1977-10-10 14:22:36','2020-07-09 06:04:10'),(41,1,76,'Fuga fugit illo excepturi voluptas dolorem. Labore sed est reiciendis sed enim temporibus voluptas. Expedita quod eaque a harum iste eaque deserunt.','officia',87,NULL,'2015-02-22 01:18:44','2020-04-23 00:55:38'),(42,2,84,'Voluptatum recusandae quia omnis culpa. Et tempore consequatur aut dolores laboriosam ipsum quo aut. Est suscipit ullam nam nisi laboriosam earum.','laborum',4666451,NULL,'1973-06-08 13:59:02','2005-08-11 11:39:25'),(43,3,87,'Quaerat quibusdam earum repellat est quasi quia enim. Doloremque perspiciatis eveniet quis. Molestiae qui illo iusto neque qui debitis.','eaque',0,NULL,'2016-09-12 06:41:54','1975-03-23 07:15:20'),(44,4,62,'Corrupti eveniet laudantium sequi. Est et autem aut est voluptate molestias ducimus. Nulla voluptatibus modi laudantium quis quia. Ipsum quia cumque aut pariatur ullam et rerum ut.','accusamus',28368378,NULL,'2015-08-19 16:30:42','1976-06-19 16:37:46'),(45,1,71,'Dolorum molestiae dolore accusantium molestias atque ut. Aut qui aut quisquam inventore autem. Labore in officiis doloribus odio eum facilis cumque.','et',4114,NULL,'1979-07-29 10:59:29','1975-06-12 21:52:01'),(46,2,56,'Et voluptate in facilis. Alias consequatur ratione dolor eos explicabo laudantium quia cumque. Temporibus ducimus minima eos reiciendis. Atque aut nihil ipsum in qui quos adipisci ut.','possimus',199,NULL,'1996-01-04 01:35:21','1998-08-04 12:58:10'),(47,3,70,'Veniam eius mollitia dolorem et. Repudiandae aut quas totam accusamus quam. Asperiores aut odio voluptatibus vel nihil veniam laborum iure.','alias',9880973,NULL,'1973-12-04 22:00:04','2007-07-03 20:11:33'),(48,4,43,'Aut quae eum officiis modi. Alias quis tenetur error quibusdam at omnis officia omnis. Earum adipisci libero qui.','reiciendis',905,NULL,'1986-04-07 20:11:26','2015-08-25 16:13:25'),(49,1,97,'Non commodi ut odio inventore est. Ipsa temporibus praesentium autem et recusandae numquam commodi. Quibusdam molestias voluptatibus omnis repellat aperiam ex est.','similique',3332269,NULL,'2020-02-25 03:26:19','2005-08-09 02:53:49'),(50,2,56,'Voluptatem tempora et in consectetur molestiae voluptatum. Sunt aut mollitia repellendus sint. Suscipit omnis et iste qui molestias sed tenetur. In quis et sed placeat cum ullam sed quis.','fuga',6,NULL,'1983-10-23 09:14:38','1987-11-05 13:59:32'),(51,3,18,'Excepturi nesciunt sit in qui autem pariatur. Non est et doloremque ratione a qui ut. Quidem qui consequuntur nobis fuga perspiciatis.','maiores',998,NULL,'1987-04-28 08:43:21','2000-09-07 12:45:17'),(52,4,37,'Et fuga saepe deserunt ad accusamus quas voluptatem totam. Perspiciatis error magnam non architecto possimus nisi. Quis atque et fugiat. Suscipit dolorum ut est qui eos est.','magni',390976,NULL,'1997-03-26 13:00:32','1971-01-28 08:22:39'),(53,1,1,'Sit delectus dignissimos aliquam expedita. A voluptates delectus suscipit voluptas non reiciendis. Deserunt dolor consequatur aliquam illum rerum atque dolor.','ipsa',0,NULL,'2015-10-02 17:09:18','1971-12-16 05:21:34'),(54,2,19,'Totam distinctio harum amet impedit. Et dicta hic quo magnam quasi.','possimus',7531,NULL,'2011-08-28 13:58:01','1982-10-21 00:06:57'),(55,3,54,'Cum veniam voluptas esse quis et et et. Sequi autem placeat quibusdam esse. Recusandae aut sed et iusto.','et',7841,NULL,'2015-08-27 15:01:33','2013-04-07 00:29:00'),(56,4,35,'Quisquam ratione eaque amet aut occaecati maxime ullam. Porro ut deserunt reprehenderit et qui. Dicta autem voluptatem consequuntur in. Doloribus ut et voluptatum voluptatem.','ea',730,NULL,'2003-05-20 20:32:03','2013-02-07 14:01:46'),(57,1,43,'Delectus et est labore quisquam maxime id cumque officiis. A facere exercitationem sed odio aut qui. Impedit error nostrum et modi cum quibusdam optio. Incidunt facere nemo voluptatem.','sunt',84,NULL,'1990-07-11 02:34:07','2021-10-22 18:12:24'),(58,2,19,'Voluptatum dolor beatae ipsa aut aliquid rerum. Libero dolor incidunt vitae esse deserunt doloribus minus.','aut',325621127,NULL,'1971-01-06 01:35:21','2018-05-22 18:16:34'),(59,3,88,'Cupiditate asperiores corrupti necessitatibus corporis. Fugiat est voluptate minima dolores. Ut et porro minus quam aut.','aut',0,NULL,'2008-06-26 05:38:23','1970-09-06 20:46:26'),(60,4,87,'Itaque aut ad reprehenderit perspiciatis consequatur voluptas iure quia. Sint harum eius amet ex. Magnam soluta aut et officia adipisci et.','accusamus',823854160,NULL,'2006-10-09 04:30:46','2001-01-02 04:23:32'),(61,1,95,'Nobis a nostrum velit. Reprehenderit itaque voluptatem ducimus distinctio molestiae itaque. Quibusdam et illum placeat ea saepe. Vero mollitia dolores dolor laudantium a.','omnis',7208054,NULL,'1975-04-24 22:37:28','1971-11-26 16:52:58'),(62,2,67,'Quas ut qui necessitatibus voluptas enim ab. Excepturi aliquid in sint aut. Cum minima ipsum veritatis rerum.','sunt',51,NULL,'2006-07-27 01:50:00','2003-05-21 00:00:02'),(63,3,76,'Dolor et placeat cumque corporis. Quod dolores et animi quam quisquam qui optio. Nostrum beatae consectetur totam labore illo ex.','recusandae',3822,NULL,'1990-11-30 16:26:06','1996-08-30 13:52:52'),(64,4,48,'Omnis aut vitae pariatur ducimus quidem consectetur rerum vitae. Saepe ab vel veritatis nostrum minima odio rerum nihil. Fuga autem at commodi tenetur et voluptatem sint. Reiciendis rem nulla voluptate tempore.','dolorem',12511,NULL,'1994-04-05 14:38:19','2019-10-26 13:14:29'),(65,1,23,'Eius consequatur enim ipsa. Qui fuga deleniti quo suscipit. Sunt ipsa iusto qui quasi ut molestias. Voluptas delectus maiores numquam qui unde est autem.','enim',341698523,NULL,'1977-11-09 17:00:39','2018-04-02 21:55:28'),(66,2,93,'Atque voluptatum velit adipisci rerum ipsa deserunt. Excepturi est distinctio officia nesciunt vero itaque. Saepe aliquam esse quaerat iusto id.','possimus',81766681,NULL,'2007-11-01 11:52:13','2019-08-27 01:57:55'),(67,3,9,'Doloremque quaerat sed soluta est aliquid rem. Et accusamus sed blanditiis ratione eos aspernatur. Vel unde tempora ea animi nam.','aut',98628276,NULL,'2003-11-07 03:48:16','1997-06-04 01:11:31'),(68,4,24,'Et quibusdam velit non omnis voluptate. Quis veniam qui sed provident voluptate dolorem. Voluptas et repellat veritatis aperiam quod at.','voluptates',0,NULL,'1997-07-08 18:36:31','2022-01-20 21:05:30'),(69,1,30,'Veniam expedita rerum sapiente delectus. Voluptates ducimus necessitatibus accusantium optio. Vel et illum dolorem voluptatem.','impedit',23827,NULL,'2001-06-30 14:58:55','1986-11-23 04:15:59'),(70,2,94,'Illo rem architecto accusamus qui tempora minus sed non. Non magni quos ipsa eius velit sint. Officiis perferendis nemo libero et voluptatem.','mollitia',0,NULL,'1999-05-16 01:31:14','1974-10-12 21:16:58'),(71,3,58,'Error dicta dolore quo soluta odit nulla. Dolorem nesciunt asperiores alias quam veniam.','blanditiis',6,NULL,'1990-11-18 02:30:16','2016-07-18 11:06:30'),(72,4,6,'Exercitationem perferendis eos minus aliquid tempora sit. Perspiciatis qui sint blanditiis excepturi ipsam magni. Totam expedita facilis illo occaecati accusamus mollitia assumenda quia.','animi',83237754,NULL,'1991-09-14 20:37:40','2008-06-08 02:19:12'),(73,1,77,'Laudantium consectetur rerum et et labore. Iusto vero quibusdam deserunt possimus qui architecto. Non minima aspernatur itaque in.','nobis',8554523,NULL,'2018-02-27 03:20:23','1998-09-23 15:00:26'),(74,2,45,'Occaecati dolores nam asperiores. Et eum ducimus dolore repudiandae rem. Aliquid et rerum omnis aut facilis mollitia.','corrupti',6527,NULL,'1980-10-23 10:06:24','2010-06-19 13:16:28'),(75,3,68,'Non perspiciatis aut natus magni. Soluta earum quo ab quo. Sunt voluptatum delectus voluptate. Eum voluptatem esse minus nulla velit repellendus quasi. Sit facilis et neque reprehenderit explicabo rerum necessitatibus ut.','iure',180381,NULL,'1987-12-12 06:16:02','1973-05-28 16:46:23'),(76,4,48,'Id eum quia deleniti. Quia culpa dicta delectus impedit sed architecto ut architecto. Dolor voluptate quo qui labore autem.','quia',5847797,NULL,'2013-09-16 01:13:55','1985-06-11 12:36:08'),(77,1,100,'Atque nihil quaerat sit molestiae deleniti. Consectetur rerum explicabo cupiditate ut eum omnis. Impedit odit deserunt repellendus pariatur amet. Voluptate voluptatem deserunt quasi dolores distinctio maxime provident atque.','doloremque',33,NULL,'2018-10-02 14:33:58','2008-01-27 22:15:24'),(78,2,37,'Ipsa numquam similique hic illum voluptatum cumque sed. Omnis pariatur eius facere officiis. Et eligendi in fugit quo nesciunt.','aperiam',6493428,NULL,'1976-10-21 08:37:07','1994-12-06 19:20:59'),(79,3,91,'Temporibus ex ut quaerat. Quidem nobis fugiat esse voluptatem eum et illo. Accusamus minus dolores ullam tempora.','consectetur',5,NULL,'1991-05-21 19:17:15','1993-10-18 09:46:31'),(80,4,96,'Et unde quae voluptate. Quidem voluptas cupiditate non. Recusandae sequi beatae corrupti provident. Mollitia eaque facilis pariatur. Autem et iste eos laboriosam ab veritatis.','quia',3856738,NULL,'1977-01-22 07:28:30','2000-06-07 10:17:08'),(81,1,92,'Earum aut quo totam omnis ullam totam. Qui nulla voluptatem possimus delectus blanditiis. Saepe aliquam vitae unde praesentium consequatur in perspiciatis pariatur.','error',1287290,NULL,'1988-06-07 22:39:00','2018-01-27 06:46:54'),(82,2,8,'Vero eos quo mollitia aut culpa sit provident rem. Qui fugiat quasi corrupti dolores est voluptatem. Voluptates qui quis in adipisci molestias. Necessitatibus vero commodi sequi laudantium soluta repudiandae qui.','cum',864085,NULL,'2001-04-27 05:50:59','2019-08-05 03:04:02'),(83,3,32,'Necessitatibus quae veniam a sunt. Ut nostrum maiores est distinctio. Adipisci nobis reiciendis reiciendis doloribus est.','nobis',1980560,NULL,'1971-12-04 03:43:22','1991-10-10 07:17:36'),(84,4,93,'Quia iste deserunt itaque maxime neque qui ut. Tempora esse possimus exercitationem ut et cupiditate. Iure illo illum itaque enim officiis quibusdam. Dolor est et quibusdam et velit nihil.','aut',34012305,NULL,'1993-03-09 16:26:28','2014-07-18 07:59:02'),(85,1,27,'Non eos aut ut id autem doloremque sit. Non mollitia sed id aut. Rerum laborum incidunt sit qui eum iure eos facilis. Consectetur sunt et incidunt quam quisquam. Cumque magnam adipisci et optio consequatur.','et',40242,NULL,'1988-05-04 05:44:26','1990-01-03 09:55:49'),(86,2,86,'Veritatis dolores odio debitis dolor. Reiciendis est exercitationem aliquam animi repellendus amet quo nesciunt. Iure reiciendis debitis in tempore.','animi',2116,NULL,'2009-06-27 02:00:31','1980-03-31 13:00:15'),(87,3,27,'Recusandae sint voluptate aut dicta et qui. Dolorem et dicta eaque odit aperiam esse architecto. Sed recusandae alias non sint necessitatibus aspernatur. Dicta expedita voluptatem iusto et non aut.','beatae',701,NULL,'1973-02-22 18:18:13','1995-02-22 21:44:39'),(88,4,70,'Enim saepe maxime sed numquam. Reprehenderit consectetur nisi ea dolorem fuga ipsum. Quisquam laborum omnis earum natus doloribus. Eligendi ut earum fuga vero. Sunt ipsa corrupti similique dolorem accusamus vitae eos.','repellat',53,NULL,'1987-07-21 17:22:38','1970-11-07 19:39:39'),(89,1,4,'Voluptas aspernatur beatae molestiae non aut ea. Non porro suscipit molestias occaecati sunt. Commodi labore sit omnis a totam consequatur facere.','ut',4192,NULL,'1993-08-08 17:02:40','1999-07-05 05:38:14'),(90,2,14,'Et quibusdam vero vero sequi tempore et voluptatem. Occaecati ratione voluptas minima sint ipsa quia cum vitae. Repellendus et consequatur accusamus commodi dolores. Enim unde nihil necessitatibus ut aut.','optio',39526,NULL,'2019-09-11 08:49:57','2019-11-04 12:24:46'),(91,3,56,'Sint aut ut sint recusandae quisquam. Consequatur officiis voluptatum praesentium distinctio odit ut qui mollitia. Suscipit cupiditate ullam et est.','doloremque',677,NULL,'1988-06-26 02:34:05','2006-09-13 07:07:09'),(92,4,99,'Qui autem corporis aliquam voluptatem ipsa cupiditate ratione. Ut a aut blanditiis facere. At provident in ipsum quaerat voluptas quia ut veniam.','laborum',7,NULL,'1976-09-01 08:20:37','2021-09-16 13:38:39'),(93,1,81,'Tempore sed eius enim. Sunt est et et corrupti. Corporis perferendis a maxime velit. Sunt velit et beatae incidunt eius dolores.','possimus',65,NULL,'2006-06-10 06:24:54','2003-08-26 22:18:32'),(94,2,32,'Consequuntur iste dolore sunt facere consectetur. Doloribus maiores ut eveniet corrupti doloribus. Odit rerum ad et enim. Voluptatem voluptas quos est delectus temporibus laboriosam. Ullam dolore aspernatur maiores natus ut eveniet possimus voluptas.','temporibus',951938,NULL,'2009-10-02 18:23:44','1972-04-04 03:13:46'),(95,3,46,'Dolorem voluptatem cum asperiores et in. Quas laudantium earum eos aliquid exercitationem facere quod. Aliquam quos quos quasi incidunt rerum sequi eos. Voluptas voluptatem natus fugiat aut.','et',38023042,NULL,'2008-06-30 15:00:56','1997-12-08 08:15:47'),(96,4,4,'Vel vero omnis doloribus sed. Sint quasi provident deleniti aperiam sed provident. Vel ratione vel tempore aspernatur rerum et. Vero iusto ut labore labore magni qui. Minus dolores esse deserunt.','temporibus',453413290,NULL,'1974-10-06 22:10:19','1988-12-31 03:07:16'),(97,1,24,'Quod magni et eum est non sit. Et placeat earum et rerum quidem. Aut quasi laudantium impedit incidunt.','voluptatem',25,NULL,'2013-09-12 23:31:56','2012-03-18 07:34:10'),(98,2,55,'Provident vel enim vero quibusdam sint possimus. Beatae nisi aut omnis nisi aut. Delectus fugit culpa facilis reiciendis aut in. Iure est soluta facilis accusamus vitae.','cupiditate',955,NULL,'2004-01-14 11:49:15','2008-01-14 09:40:19'),(99,3,28,'Voluptas aliquam nisi et vel officia quibusdam. Facere blanditiis itaque sunt facilis mollitia quae eos et. Et est quia reprehenderit. Minima repudiandae odit iste.','sed',8286230,NULL,'1990-04-12 15:34:28','1993-06-12 20:37:49'),(100,4,53,'Iure illo consequatur sapiente aut minus odio. Error asperiores repellat et velit eligendi inventore. Doloribus et cum quia sed non ducimus. Perspiciatis consequatur eius ea et officiis mollitia.','consequatur',8,NULL,'1980-08-18 03:53:56','1980-02-17 19:40:38');
/*!40000 ALTER TABLE `media` ENABLE KEYS */;
UNLOCK TABLES;

--
-- Table structure for table `media_types`
--

DROP TABLE IF EXISTS `media_types`;
/*!40101 SET @saved_cs_client     = @@character_set_client */;
/*!40101 SET character_set_client = utf8 */;
CREATE TABLE `media_types` (
  `id` bigint(20) unsigned NOT NULL AUTO_INCREMENT,
  `name` varchar(255) COLLATE utf8mb4_unicode_ci DEFAULT NULL,
  `created_at` datetime DEFAULT current_timestamp(),
  `updated_at` datetime DEFAULT current_timestamp() ON UPDATE current_timestamp(),
  PRIMARY KEY (`id`)
) ENGINE=InnoDB AUTO_INCREMENT=5 DEFAULT CHARSET=utf8mb4 COLLATE=utf8mb4_unicode_ci;
/*!40101 SET character_set_client = @saved_cs_client */;

--
-- Dumping data for table `media_types`
--

LOCK TABLES `media_types` WRITE;
/*!40000 ALTER TABLE `media_types` DISABLE KEYS */;
INSERT INTO `media_types` VALUES (1,'laborum','1973-07-07 08:18:46','1999-01-19 03:46:51'),(2,'maiores','1998-04-21 14:10:09','2019-02-26 04:29:50'),(3,'perspiciatis','1974-05-21 00:00:32','1987-02-08 16:18:06'),(4,'molestias','2000-08-24 14:20:12','1971-05-13 15:27:38');
/*!40000 ALTER TABLE `media_types` ENABLE KEYS */;
UNLOCK TABLES;

--
-- Table structure for table `messages`
--

DROP TABLE IF EXISTS `messages`;
/*!40101 SET @saved_cs_client     = @@character_set_client */;
/*!40101 SET character_set_client = utf8 */;
CREATE TABLE `messages` (
  `id` bigint(20) unsigned NOT NULL AUTO_INCREMENT,
  `from_user_id` bigint(20) unsigned NOT NULL,
  `to_user_id` bigint(20) unsigned NOT NULL,
  `body` text COLLATE utf8mb4_unicode_ci DEFAULT NULL,
  `created_at` datetime DEFAULT current_timestamp(),
  PRIMARY KEY (`id`),
  KEY `from_user_id` (`from_user_id`),
  KEY `to_user_id` (`to_user_id`),
  CONSTRAINT `messages_ibfk_1` FOREIGN KEY (`from_user_id`) REFERENCES `users` (`id`) ON DELETE CASCADE ON UPDATE CASCADE,
  CONSTRAINT `messages_ibfk_2` FOREIGN KEY (`to_user_id`) REFERENCES `users` (`id`) ON DELETE CASCADE ON UPDATE CASCADE
) ENGINE=InnoDB AUTO_INCREMENT=101 DEFAULT CHARSET=utf8mb4 COLLATE=utf8mb4_unicode_ci;
/*!40101 SET character_set_client = @saved_cs_client */;

--
-- Dumping data for table `messages`
--

LOCK TABLES `messages` WRITE;
/*!40000 ALTER TABLE `messages` DISABLE KEYS */;
INSERT INTO `messages` VALUES (1,31,12,'Consequuntur sapiente eius voluptatem et dolorem beatae. Quod ea quis doloribus deleniti. Doloremque quo excepturi architecto non perspiciatis. Rerum rerum deleniti est quae aperiam dolor.','1997-08-19 03:05:43'),(2,87,45,'Cupiditate aspernatur doloremque labore facere doloremque magnam. Nihil architecto vel qui reiciendis maxime rem excepturi fugit. Excepturi distinctio velit quia velit consequuntur molestiae quaerat. Quae modi corporis omnis quod.','2007-01-16 22:25:33'),(3,11,71,'Rerum a et et fugiat facilis qui voluptatem dolorum. Quod consequatur et sunt ipsa. Tempora quidem qui cupiditate voluptas a omnis. Perferendis aliquid cum inventore molestiae tempore magni veniam.','2020-10-18 10:17:03'),(4,36,54,'Consequatur ipsam dolorum repellat ratione est maxime. Quidem vel unde assumenda. Similique enim omnis unde porro nobis quos. Assumenda porro non ducimus voluptatem aut.','2014-10-16 06:13:00'),(5,22,9,'Et animi vel est doloribus sint vero. Porro consequatur et itaque eius. Eos tempora dolorem id velit rerum repudiandae. Voluptatum deserunt et id dicta.','1971-12-03 23:29:52'),(6,17,80,'Aut nisi ut consequuntur et. Voluptatem illum non illo voluptates cumque quisquam rerum. Enim ducimus aliquid sed et rem est.','1970-07-31 07:18:10'),(7,62,64,'Qui laudantium ab voluptatem voluptatem eos veniam. Deleniti iusto omnis omnis nemo esse iste dignissimos. Quo et sed et ut.','2021-03-03 08:33:15'),(8,79,72,'Culpa dolor voluptatem et eos dicta. Mollitia animi accusamus doloremque dolor. Aut perferendis nihil architecto error qui nam.','2000-05-07 17:02:23'),(9,79,65,'Voluptas quas autem rem sint qui ut debitis dolor. Architecto assumenda est et adipisci. Optio repellendus nisi omnis quibusdam. Voluptatem excepturi voluptatum ea porro quia.','2021-07-19 12:26:31'),(10,95,94,'Corporis placeat aut est exercitationem nemo possimus. Totam alias exercitationem nobis. Nesciunt voluptate harum nesciunt nobis numquam. Suscipit est excepturi assumenda minus ut eaque.','2010-10-05 22:42:19'),(11,25,47,'Non deleniti dicta sunt cum eos labore et. Est dolor dicta sit sed corporis. Atque enim id et sed nostrum. Sed est et quia ab consequuntur voluptates aut.','1987-10-16 21:45:51'),(12,19,84,'Vitae nesciunt incidunt ducimus dolorem qui vero iure. Molestias ratione temporibus repudiandae dolor distinctio est. Temporibus ut libero id magni alias dolores. Rerum reprehenderit eligendi explicabo et recusandae dolor.','1970-08-25 03:01:27'),(13,54,92,'Modi esse eos accusamus dolorem quos incidunt. Dolor voluptatem et exercitationem nostrum. Libero vel beatae cumque cupiditate. Consectetur animi enim et sunt rem optio sapiente et.','1991-04-08 08:26:57'),(14,41,18,'Voluptas quia modi voluptates et officia quis commodi aut. Rerum voluptatem quaerat quas temporibus qui. Omnis maiores ex voluptatem velit.','1995-03-14 11:21:44'),(15,38,25,'Aliquid ut illo natus illo facilis quo adipisci. Mollitia explicabo est eos perspiciatis molestias minima nulla. Inventore placeat tenetur sed sit. Et tenetur dolores corporis eum. Nesciunt totam eaque reiciendis debitis similique.','1999-10-25 01:54:01'),(16,97,69,'Repudiandae aspernatur voluptas qui sapiente eum et. Aut facilis architecto non recusandae voluptates ut. Ad modi cupiditate rerum est quam.','2020-04-22 14:39:38'),(17,37,84,'Qui ut non aut dolorum nulla. Eos consequatur nulla qui iste sit. Dicta nihil est sequi voluptatem placeat omnis facere.','2021-03-04 04:18:44'),(18,14,47,'Exercitationem amet expedita et incidunt nihil laudantium id incidunt. In vitae est alias officiis et. Et maxime vitae voluptatem facilis quas nostrum inventore. Qui enim maxime eum occaecati sint consequuntur.','1976-03-18 21:21:05'),(19,54,49,'Dolorum iure voluptas enim et laboriosam est. Incidunt aut repudiandae minus eos provident.','1972-11-06 05:15:29'),(20,1,75,'Sunt exercitationem at quis cumque quasi non magnam. Et aut ipsum necessitatibus pariatur iste vero tempore dolores. Possimus qui sint quae numquam. Voluptas facere eos modi.','1984-10-20 15:08:07'),(21,58,17,'Autem consectetur iste non occaecati. Nihil iusto expedita nesciunt adipisci. Quis a omnis rerum assumenda laboriosam mollitia voluptas.','1985-08-15 01:39:49'),(22,54,19,'Ut iusto voluptas impedit qui at vel illo. Maiores ut ut dolore vitae.','1971-12-01 00:34:04'),(23,81,33,'Esse incidunt est qui. Ullam dolores tempore ipsam rerum quasi. Eos eum modi fugit culpa aut dolorem aliquid. Explicabo neque pariatur iusto minus veritatis dolorem perferendis mollitia.','1997-02-16 22:17:28'),(24,91,59,'Nam sequi sit sed illo ut qui. Mollitia distinctio blanditiis mollitia sed culpa autem similique. Nostrum adipisci aut suscipit sunt consequatur. Exercitationem eos et ex id voluptas.','1992-05-16 13:20:59'),(25,98,85,'Esse sit dolorem expedita officiis nisi. Culpa veniam quisquam modi molestias quod. Iusto ea eos sapiente et autem. Deleniti et at quam.','2016-04-25 00:12:08'),(26,53,22,'Molestiae debitis reprehenderit voluptate dolores id quia. Fugiat consectetur ea voluptas tempora in illum cupiditate. Possimus repudiandae placeat dolores aut minima distinctio autem. Sapiente sit molestias perspiciatis sint.','1986-02-24 10:04:15'),(27,32,71,'Ab eos asperiores rem ad et. Voluptas repudiandae fugit aut non atque voluptas. Voluptates velit aperiam sunt.','2006-03-20 20:18:23'),(28,5,85,'Alias consequuntur quas voluptatum aut vitae amet. Et eveniet sint ea et architecto. Molestias molestiae et asperiores dolor.','1983-03-24 01:38:42'),(29,62,45,'Culpa quo magnam autem dolor. Maxime qui modi sit nobis veritatis in. Tempora eos est enim aut rerum.','2001-09-16 19:46:13'),(30,2,100,'Unde natus asperiores est et. Sed repellendus repellendus hic quasi. Tenetur neque impedit iusto facere. Modi voluptatem eius sit dolores aliquid. Omnis velit et nihil molestiae.','1973-06-08 11:36:19'),(31,70,99,'Officiis velit quaerat in a aliquam in ut. Reprehenderit voluptas id qui ipsum inventore cumque eveniet eos. Et qui harum dolorem hic et corporis omnis. Quis ad est minus sit odio qui.','2007-02-16 14:46:29'),(32,68,6,'Est illo exercitationem rerum corporis ut cum et esse. Ipsum dolore repellat labore voluptatum numquam vitae ea. Aut dolores molestiae doloremque amet et deleniti dolorum unde. Eius soluta repellendus cum ea sapiente aut. Debitis dolores nisi eos sit itaque suscipit.','1970-12-07 06:31:24'),(33,82,82,'Qui inventore illo itaque quo expedita. Aut quasi illo dolor dolorem non. Maxime assumenda eaque quod quibusdam ut eos voluptatem dolor.','1981-06-20 03:34:26'),(34,53,35,'Eum optio voluptate asperiores sit est ab nihil. Assumenda quasi molestias excepturi quia nihil iure odit. Quia numquam blanditiis debitis molestiae consequatur harum.','1996-04-12 06:45:36'),(35,30,54,'Et est omnis ducimus. Sit necessitatibus natus necessitatibus dicta. Sint fugiat velit error expedita ipsa expedita facilis. Id nulla quas tenetur repellendus earum et facilis at.','1970-12-21 05:54:17'),(36,10,88,'Ab quidem atque iste ab voluptatem rerum. Nam reiciendis voluptatem voluptas assumenda. Natus magni rerum est at eligendi. Tempora dolore ex ut.','1975-12-31 01:00:58'),(37,70,64,'Esse quo ab illo consectetur possimus recusandae cumque. Tenetur aut incidunt labore esse porro. Sit ipsam consequatur veniam a magnam accusantium voluptatem.','1998-07-07 17:29:02'),(38,6,51,'Aut facere impedit aut sit nihil nihil vel veritatis. Placeat et voluptas id qui veniam repellendus repudiandae. Quisquam et ducimus labore dicta.','2019-09-04 11:25:15'),(39,97,97,'Inventore deserunt fugit sit eum odio temporibus. Distinctio dignissimos maxime molestias quos illum nam sit. Assumenda voluptatem quis minus molestiae. Atque reprehenderit iure dignissimos ipsam.','2010-01-13 20:53:09'),(40,10,94,'Ex autem quia pariatur eum magnam sunt sit. Maiores at mollitia ullam voluptas esse accusantium alias adipisci. Quia dolorum quibusdam velit doloribus. Consequuntur aut quia rem.','1985-10-29 23:57:37'),(41,81,62,'Laudantium debitis officia iure ut quasi consectetur. Consequuntur recusandae dolores laboriosam molestiae. Recusandae consequatur accusamus dolores et qui esse ut inventore. Repellendus enim amet dignissimos ipsam eveniet qui suscipit.','1989-01-30 03:21:29'),(42,15,12,'Qui consequatur libero perspiciatis rem odit ullam. Libero qui praesentium qui illo alias. Quos numquam sunt accusamus placeat dolor. Laborum consequuntur sapiente pariatur quia nobis eos.','2022-01-12 06:42:18'),(43,33,20,'Commodi delectus incidunt pariatur quia magnam ratione. Dolores officiis in necessitatibus itaque. Consequuntur commodi voluptatem magni quas. Et ipsam officiis dolor quos qui provident adipisci aut.','2013-03-06 22:13:03'),(44,96,95,'Delectus est dignissimos eum facere odio. Doloremque perferendis sit aliquam praesentium et. Mollitia aut saepe quia qui.','2005-07-02 17:46:28'),(45,65,98,'Voluptatem laborum voluptas quia sint est ea. Est provident dicta eos veniam molestias blanditiis aliquid. Laudantium ipsam possimus fuga ratione.','2012-04-18 19:17:17'),(46,95,35,'Asperiores laudantium cum aut nam ad inventore natus. Veritatis est eum dolores in dicta velit. Consectetur omnis voluptate assumenda nisi pariatur neque.','2010-10-06 05:45:38'),(47,96,63,'Necessitatibus ratione pariatur et dolor atque temporibus. Sit quia eligendi pariatur sint. Quo quam illum error atque rerum qui. Qui eius aut ut.','1986-02-06 23:01:21'),(48,41,78,'Laudantium qui dolorem sed dolore ducimus. Odit at dignissimos laboriosam nemo. Inventore sit enim molestiae omnis. Perspiciatis facilis quae praesentium aut quasi et dolorum est.','1998-09-07 03:14:10'),(49,44,94,'Culpa voluptatem est animi minima. Ducimus numquam est et est. Nesciunt voluptas eum temporibus odio.','1997-11-27 14:34:40'),(50,12,73,'Et blanditiis ut a maiores qui autem alias est. Aut a cum qui occaecati animi at. Modi voluptate dolor nisi. Qui quia iste rem doloremque consequatur neque atque. Qui exercitationem quas quam excepturi aut incidunt expedita autem.','2006-09-18 09:57:46'),(51,47,22,'Nisi sed cum autem voluptates. Iste eaque laborum expedita eum qui. Laboriosam consequatur mollitia velit et praesentium autem. Et placeat repellat autem vel sunt.','1985-08-20 02:02:36'),(52,60,17,'Odit exercitationem rerum voluptatem suscipit voluptates. Expedita optio aut nesciunt quaerat quia nam et. Expedita incidunt inventore fuga dolor. Neque nihil doloremque officia rerum.','1979-05-29 16:08:56'),(53,86,66,'Fugiat maiores eum est. Perspiciatis alias quas voluptatem est illo id non. Ut enim neque quo odio alias blanditiis est. Rerum harum fugiat sunt.','2005-09-15 20:30:49'),(54,67,82,'Ex dolores voluptatem consequatur corporis asperiores. Quia consequatur alias voluptas. Consequatur dignissimos et numquam velit dignissimos.','1983-12-18 13:35:39'),(55,62,77,'Quisquam rem neque laborum asperiores expedita consequuntur. Nulla a qui qui cumque aut asperiores. Dolore odio architecto non aut voluptates eveniet quo nulla. Quos necessitatibus odio doloribus.','2019-03-26 14:22:14'),(56,75,43,'Et voluptatibus cupiditate culpa dolor. Praesentium ipsa enim doloribus doloribus rerum.','1988-07-27 19:05:30'),(57,39,90,'Consectetur placeat eius dolorem sunt. Error cupiditate rerum qui ad. Ut et temporibus debitis quia tempore qui laudantium facere. Quae temporibus earum ullam omnis maxime corporis ea. Ducimus voluptates soluta in necessitatibus adipisci.','2002-04-22 20:59:22'),(58,54,71,'Iste mollitia autem ut nisi. Aut ex facere possimus qui sapiente. Voluptatem suscipit vel dolorum impedit et occaecati culpa.','1977-11-06 12:56:03'),(59,9,50,'Occaecati non debitis sed expedita minus. Id magnam illum quos suscipit id iste quis. Ut deserunt vero deleniti quae dolor. Molestiae laborum debitis quae et ea est eveniet. Corrupti eum optio quia et.','1991-10-24 08:38:42'),(60,66,74,'Sed explicabo dolores molestias et suscipit itaque enim. A repellendus est eos adipisci magni ratione fugit. Perferendis velit rerum vel rerum magni repellat laudantium. Placeat autem reprehenderit ea quas.','1981-10-28 05:13:39'),(61,47,60,'Et id repudiandae natus eligendi delectus. Ipsam nihil officia consequuntur enim architecto. Aut et quos et. Perferendis quis et voluptates nihil.','1973-01-12 17:16:47'),(62,8,43,'Quia a rerum qui dolores ipsam cupiditate deserunt. Fugiat est fuga cumque modi consequuntur et numquam laborum. Perferendis nihil eveniet autem fugiat. Quae vero a veniam rerum blanditiis consequatur.','1994-10-21 03:24:31'),(63,22,48,'Ipsum qui repudiandae doloremque quas. Doloremque deleniti eos qui perspiciatis. Debitis omnis quia impedit architecto eligendi in quia porro. Est in natus et libero voluptatem est ex reiciendis.','2003-05-05 15:42:25'),(64,20,65,'Magnam fugiat dolorem necessitatibus qui repellendus animi. Necessitatibus voluptas voluptas corrupti ullam maiores et eveniet. Aliquam corporis ut est delectus quod.','2014-04-23 06:13:35'),(65,41,32,'Autem dolor nemo minus ut sit nesciunt. Consequatur sunt tempora quia exercitationem eum modi porro. Accusantium occaecati labore consequatur excepturi debitis. Consequatur voluptatem voluptas in voluptatem voluptatem.','1997-03-25 13:04:23'),(66,38,87,'Voluptate minus qui ut soluta nesciunt. Omnis magnam veniam laudantium nisi dignissimos qui.','2002-08-13 08:00:59'),(67,54,98,'Hic eos velit magni est praesentium. Aliquid voluptatem quo ut voluptas. Quia ex dolor ex animi est eius.','1981-08-03 11:03:24'),(68,4,39,'Adipisci atque officiis tempora totam omnis ut vel. Quia eos beatae quia sint eos repellat amet est. Praesentium nam fugit corporis deleniti. Ex asperiores est dicta alias a sit.','2000-09-21 06:42:33'),(69,64,70,'Totam deleniti quaerat magni voluptas praesentium sed sit molestias. Unde facere repellat molestiae et aut. Numquam quo minus illum dolores voluptatem rerum ratione rerum. Dicta rerum fugiat accusantium ut facere qui voluptates.','1993-12-01 02:39:16'),(70,20,26,'Consequatur dolor in est doloribus. Ipsa dolorem accusantium quisquam qui autem vel recusandae. Voluptatem et qui eveniet. Dolorum quaerat quisquam repudiandae.','1983-04-19 16:23:20'),(71,46,94,'Omnis et illum ducimus accusantium eos molestias sunt. Quaerat unde totam minima maxime molestiae. Dolore sint quod molestiae architecto voluptas aspernatur.','1998-04-06 06:00:00'),(72,68,85,'Quia sint temporibus harum provident id incidunt. Autem minus tempora id tempore ab. Hic mollitia et quia tempore laborum exercitationem non. Non est ea quia labore non molestiae.','1978-10-02 08:24:10'),(73,84,22,'Voluptatibus quas cupiditate dicta dicta autem amet a id. Deleniti nemo id vitae dolorem. Rerum natus et illo quia qui. Dolores nobis temporibus maiores placeat recusandae voluptas non quia.','2005-09-03 15:55:48'),(74,56,93,'Quod voluptatum officia deserunt ea rerum. Tempore quam voluptate magnam esse fuga labore. Et et est magni quasi sit velit. Recusandae amet omnis molestias consequatur.','1970-10-24 01:05:47'),(75,71,21,'Eveniet laborum officiis est qui. Et ipsam quia culpa fugit voluptatem. Accusantium qui explicabo et et ut nihil.','1979-03-25 22:10:25'),(76,66,18,'Explicabo voluptatem similique ut quia quaerat accusamus omnis dolorum. Voluptatem voluptatem explicabo odit quibusdam. Quaerat consequatur beatae doloribus debitis aperiam reprehenderit.','2011-09-29 18:56:15'),(77,81,73,'Ut amet cupiditate quis non amet. Neque omnis modi tempore unde itaque esse.','1982-06-05 12:13:22'),(78,61,3,'Aspernatur tempore nihil odit voluptatem qui qui dolorem cum. Expedita provident eius sed aut quia iure corrupti. Molestiae ut porro id fugiat.','2012-06-06 15:41:50'),(79,21,81,'Rerum nisi optio non. Minus quam iure est autem exercitationem quia ut nesciunt. Laudantium quia rerum perferendis magni inventore vel.','2015-07-07 06:48:42'),(80,68,61,'Autem maxime soluta inventore quam et rerum error. Qui quis iste ab veniam. Qui molestiae nobis omnis atque rerum.','2007-07-17 00:38:04'),(81,13,6,'Quas voluptatum autem natus consequatur a ut. Consequatur laudantium earum expedita repudiandae adipisci sapiente et animi.','1999-12-04 03:49:12'),(82,48,66,'Optio et quasi placeat blanditiis. Provident voluptas et incidunt. Iusto et neque necessitatibus ut est. Odit officiis aliquam esse consequatur dolorem.','2017-07-25 13:23:49'),(83,3,51,'Voluptas consequuntur sunt rerum dolores nostrum quis. Qui inventore ea accusantium. Qui rem ex voluptates fugiat earum rem nostrum.','2013-03-27 09:21:41'),(84,4,67,'Cum quis tempore doloribus. Inventore animi rem repellat vel. Autem voluptatum voluptates ut nihil.','2016-05-29 10:54:48'),(85,21,24,'Perferendis voluptate nulla deleniti sunt non. Corrupti et et officiis quisquam dolores quas. Nostrum asperiores accusamus sit non. Sunt esse ex et facilis est voluptatem.','1979-11-14 04:16:01'),(86,92,67,'Quod excepturi eos amet eligendi et atque laborum. Et reiciendis in ipsa non. Ut dolore quia porro qui ea.','2020-01-01 04:16:31'),(87,18,59,'Ullam est est eos ipsum vero omnis. Optio quo quis iure rerum quod. Error ut placeat beatae autem. Voluptas suscipit doloribus sit rerum rerum.','1999-10-10 03:17:00'),(88,51,1,'Reiciendis soluta aut at iste a. Mollitia id quia voluptatum et a et assumenda saepe. Ut omnis odit eum sint provident at.','2017-06-25 04:21:09'),(89,81,6,'Porro rerum quae in recusandae fugit. Veniam corporis alias labore quidem qui dolorum. Ullam qui quasi vel consequatur deleniti magnam. Eos culpa labore quam reprehenderit.','2016-04-04 00:26:35'),(90,93,51,'Veritatis tempore beatae rerum id. Repellendus qui maiores alias magnam nisi nulla modi cumque. Et non corporis enim molestias voluptatibus rerum consequuntur.','2018-09-12 02:58:09'),(91,27,58,'Ipsum labore et enim ut. Molestiae perspiciatis eos nobis voluptas alias expedita. Repellendus nihil nemo veniam id dolores eos. Soluta velit voluptas earum officia possimus non est. Quaerat aut provident ad laboriosam et.','1970-05-21 19:48:28'),(92,69,7,'Nisi dolorem laboriosam et rerum magni eaque excepturi. Ipsum quam rerum dolorem ut aliquid at cumque. Similique et voluptatem dolores consequatur. Itaque voluptatem laborum atque deserunt enim veritatis magnam.','2018-11-11 18:06:22'),(93,31,29,'Aut sint ducimus iusto sapiente vel vitae non. Non qui sit id autem quaerat dolorem dolorum. Nam explicabo laboriosam mollitia dignissimos molestiae excepturi.','1988-10-25 05:01:47'),(94,10,51,'Placeat eius velit velit adipisci. Voluptate sed eos voluptates laborum qui. Doloribus eum ad nobis quibusdam beatae.','2003-07-06 07:08:13'),(95,10,77,'Dolorem neque repellendus neque inventore ut dolorem. Minus voluptatum magni ipsam ratione.','1976-12-15 09:38:54'),(96,12,22,'Explicabo praesentium nobis et architecto expedita a dolores. Consequatur illo nihil totam ad et. Aspernatur consequatur amet saepe sint dolore sed nesciunt. Voluptas aut sed ut ab fuga.','1995-12-16 01:51:28'),(97,82,59,'Aliquam officia quia quidem nihil recusandae ipsam. Autem et placeat non qui explicabo maxime quia. Nobis sit repudiandae perferendis quo similique tenetur quia incidunt. Maxime tempora error iusto.','1992-08-28 20:01:36'),(98,87,85,'Non et est quo doloremque ipsam ratione sed. Sit magni iste accusamus quis rerum. Est harum id dolor facere aut ab dolore. Corrupti tempora nihil neque.','2012-02-11 15:58:44'),(99,10,91,'Voluptas qui aut quibusdam fugiat in et eveniet. Quo aut est iusto in neque sequi eos. Nesciunt cum ex qui sunt laudantium ea.','1978-02-26 20:38:39'),(100,51,30,'Est porro aut cupiditate adipisci. Nobis et voluptatem molestiae quia eum dicta. Velit quo repellendus at ipsa illum aut.','1987-05-12 22:27:59');
/*!40000 ALTER TABLE `messages` ENABLE KEYS */;
UNLOCK TABLES;

--
-- Table structure for table `music_playlist`
--

DROP TABLE IF EXISTS `music_playlist`;
/*!40101 SET @saved_cs_client     = @@character_set_client */;
/*!40101 SET character_set_client = utf8 */;
CREATE TABLE `music_playlist` (
  `id` bigint(20) unsigned NOT NULL AUTO_INCREMENT,
  `name` varchar(255) COLLATE utf8mb4_unicode_ci DEFAULT NULL,
  `user_id` bigint(20) unsigned DEFAULT NULL,
  PRIMARY KEY (`id`),
  UNIQUE KEY `id` (`id`),
  KEY `user_id` (`user_id`),
  CONSTRAINT `music_playlist_ibfk_1` FOREIGN KEY (`user_id`) REFERENCES `users` (`id`) ON DELETE SET NULL ON UPDATE CASCADE
) ENGINE=InnoDB AUTO_INCREMENT=101 DEFAULT CHARSET=utf8mb4 COLLATE=utf8mb4_unicode_ci;
/*!40101 SET character_set_client = @saved_cs_client */;

--
-- Dumping data for table `music_playlist`
--

LOCK TABLES `music_playlist` WRITE;
/*!40000 ALTER TABLE `music_playlist` DISABLE KEYS */;
INSERT INTO `music_playlist` VALUES (1,'facere',9),(2,'perferendis',41),(3,'maiores',5),(4,'esse',34),(5,'ea',23),(6,'non',100),(7,'eligendi',55),(8,'provident',33),(9,'possimus',54),(10,'assumenda',16),(11,'quos',32),(12,'dolor',96),(13,'assumenda',92),(14,'corrupti',65),(15,'modi',35),(16,'dicta',3),(17,'velit',96),(18,'iusto',81),(19,'tempora',92),(20,'eum',68),(21,'dolor',99),(22,'voluptas',93),(23,'perferendis',96),(24,'tempore',94),(25,'tempora',18),(26,'earum',45),(27,'molestiae',73),(28,'harum',29),(29,'iste',32),(30,'suscipit',41),(31,'aut',37),(32,'et',40),(33,'similique',82),(34,'consectetur',42),(35,'aspernatur',74),(36,'necessitatibus',4),(37,'eaque',41),(38,'eligendi',29),(39,'et',36),(40,'provident',95),(41,'hic',44),(42,'facilis',68),(43,'eos',90),(44,'pariatur',35),(45,'qui',32),(46,'aut',25),(47,'temporibus',38),(48,'architecto',27),(49,'minima',6),(50,'nemo',29),(51,'et',95),(52,'voluptas',5),(53,'voluptate',21),(54,'reprehenderit',90),(55,'commodi',98),(56,'magni',39),(57,'natus',35),(58,'quibusdam',71),(59,'fugit',68),(60,'vel',66),(61,'culpa',11),(62,'vitae',4),(63,'laborum',5),(64,'sint',92),(65,'minus',45),(66,'unde',78),(67,'fuga',95),(68,'quos',86),(69,'aliquam',7),(70,'nam',31),(71,'sunt',81),(72,'ipsam',50),(73,'fugiat',98),(74,'ut',71),(75,'qui',84),(76,'in',29),(77,'et',95),(78,'debitis',21),(79,'vero',56),(80,'assumenda',100),(81,'minima',50),(82,'aut',50),(83,'aut',4),(84,'quae',70),(85,'veniam',40),(86,'qui',2),(87,'sunt',9),(88,'voluptas',74),(89,'nihil',72),(90,'sapiente',76),(91,'facere',39),(92,'neque',83),(93,'et',79),(94,'autem',44),(95,'ullam',75),(96,'iste',24),(97,'unde',22),(98,'sapiente',70),(99,'culpa',10),(100,'quibusdam',28);
/*!40000 ALTER TABLE `music_playlist` ENABLE KEYS */;
UNLOCK TABLES;

--
-- Table structure for table `musics`
--

DROP TABLE IF EXISTS `musics`;
/*!40101 SET @saved_cs_client     = @@character_set_client */;
/*!40101 SET character_set_client = utf8 */;
CREATE TABLE `musics` (
  `id` bigint(20) unsigned NOT NULL AUTO_INCREMENT,
  `playlist_id` bigint(20) unsigned NOT NULL,
  `media_id` bigint(20) unsigned NOT NULL,
  PRIMARY KEY (`id`),
  KEY `media_id` (`media_id`),
  KEY `playlist_id` (`playlist_id`),
  CONSTRAINT `musics_ibfk_1` FOREIGN KEY (`media_id`) REFERENCES `media` (`id`) ON DELETE CASCADE ON UPDATE CASCADE,
  CONSTRAINT `musics_ibfk_2` FOREIGN KEY (`playlist_id`) REFERENCES `music_playlist` (`id`) ON DELETE CASCADE ON UPDATE CASCADE
) ENGINE=InnoDB AUTO_INCREMENT=101 DEFAULT CHARSET=utf8mb4 COLLATE=utf8mb4_unicode_ci;
/*!40101 SET character_set_client = @saved_cs_client */;

--
-- Dumping data for table `musics`
--

LOCK TABLES `musics` WRITE;
/*!40000 ALTER TABLE `musics` DISABLE KEYS */;
INSERT INTO `musics` VALUES (1,26,91),(2,52,16),(3,2,62),(4,90,63),(5,13,10),(6,26,77),(7,26,57),(8,88,91),(9,31,2),(10,28,45),(11,81,26),(12,39,88),(13,55,79),(14,50,37),(15,21,56),(16,48,46),(17,46,100),(18,62,47),(19,61,51),(20,10,74),(21,61,35),(22,51,87),(23,92,38),(24,77,23),(25,39,4),(26,67,20),(27,30,6),(28,7,85),(29,85,57),(30,21,5),(31,12,69),(32,51,58),(33,68,12),(34,5,29),(35,63,14),(36,2,23),(37,49,52),(38,9,40),(39,90,86),(40,62,28),(41,90,29),(42,48,19),(43,34,55),(44,3,18),(45,11,24),(46,23,23),(47,93,73),(48,80,61),(49,84,85),(50,89,46),(51,98,91),(52,69,46),(53,43,77),(54,86,32),(55,63,47),(56,60,52),(57,75,7),(58,71,9),(59,61,74),(60,26,72),(61,98,48),(62,94,90),(63,20,74),(64,51,4),(65,59,39),(66,50,56),(67,30,18),(68,2,72),(69,95,87),(70,3,57),(71,34,63),(72,9,9),(73,69,80),(74,17,30),(75,53,42),(76,2,51),(77,90,96),(78,41,10),(79,70,91),(80,13,28),(81,29,62),(82,84,59),(83,79,85),(84,30,74),(85,72,33),(86,30,5),(87,95,39),(88,14,64),(89,18,30),(90,94,71),(91,72,95),(92,21,61),(93,90,61),(94,70,60),(95,51,82),(96,87,80),(97,44,70),(98,38,23),(99,55,68),(100,96,26);
/*!40000 ALTER TABLE `musics` ENABLE KEYS */;
UNLOCK TABLES;

--
-- Table structure for table `news`
--

DROP TABLE IF EXISTS `news`;
/*!40101 SET @saved_cs_client     = @@character_set_client */;
/*!40101 SET character_set_client = utf8 */;
CREATE TABLE `news` (
  `id` bigint(20) unsigned NOT NULL AUTO_INCREMENT,
  `from_id` bigint(20) unsigned NOT NULL,
  `media_type_id` bigint(20) unsigned NOT NULL,
  `created_at` datetime DEFAULT current_timestamp(),
  PRIMARY KEY (`id`),
  KEY `from_id` (`from_id`),
  KEY `media_type_id` (`media_type_id`),
  CONSTRAINT `news_ibfk_1` FOREIGN KEY (`from_id`) REFERENCES `friends` (`friend_id`) ON DELETE CASCADE ON UPDATE CASCADE,
  CONSTRAINT `news_ibfk_2` FOREIGN KEY (`media_type_id`) REFERENCES `media` (`id`) ON DELETE CASCADE ON UPDATE CASCADE
) ENGINE=InnoDB AUTO_INCREMENT=101 DEFAULT CHARSET=utf8mb4 COLLATE=utf8mb4_unicode_ci;
/*!40101 SET character_set_client = @saved_cs_client */;

--
-- Dumping data for table `news`
--

LOCK TABLES `news` WRITE;
/*!40000 ALTER TABLE `news` DISABLE KEYS */;
INSERT INTO `news` VALUES (1,5,1,'1994-10-06 17:11:01'),(2,65,4,'2021-02-03 15:52:47'),(3,23,4,'1979-02-14 09:50:14'),(4,91,3,'2010-07-14 02:19:16'),(5,3,2,'1989-05-10 01:45:10'),(6,61,3,'2007-09-25 08:34:22'),(7,24,2,'2013-07-23 22:03:23'),(8,64,4,'1973-12-01 08:22:18'),(9,24,4,'1994-10-06 23:26:47'),(10,76,1,'2019-02-18 18:27:24'),(11,31,2,'1995-01-24 11:41:42'),(12,77,4,'2010-11-21 13:48:13'),(13,92,1,'2005-02-21 09:42:20'),(14,59,1,'1975-10-22 22:02:43'),(15,37,2,'1982-12-28 20:36:46'),(16,45,2,'1973-12-21 01:03:56'),(17,45,2,'1989-10-09 22:21:34'),(18,35,3,'2010-02-19 20:31:12'),(19,4,2,'1987-01-28 23:47:23'),(20,32,1,'1996-07-24 13:36:57'),(21,52,1,'1993-01-10 03:12:20'),(22,67,4,'2000-01-24 10:29:40'),(23,31,2,'1971-09-07 10:13:36'),(24,68,3,'1976-07-14 21:22:06'),(25,35,3,'1973-06-03 07:29:44'),(26,53,4,'2013-02-06 16:55:00'),(27,77,2,'1980-08-21 17:29:39'),(28,48,4,'1992-03-15 10:07:38'),(29,55,1,'1971-04-08 18:22:32'),(30,77,1,'1996-05-01 22:40:27'),(31,44,2,'1979-05-04 10:27:53'),(32,50,1,'1993-02-25 01:38:03'),(33,60,4,'1992-11-01 21:39:58'),(34,74,3,'2002-11-06 23:43:37'),(35,26,1,'1978-07-31 02:47:06'),(36,67,4,'1980-03-04 05:22:56'),(37,24,3,'1992-02-23 15:50:05'),(38,68,3,'2011-07-13 06:27:06'),(39,2,3,'1995-05-22 15:47:51'),(40,23,2,'2017-12-01 08:22:51'),(41,14,4,'1984-09-09 03:23:46'),(42,23,4,'2002-09-23 05:11:04'),(43,29,3,'1990-10-25 16:44:37'),(44,67,4,'2007-12-11 02:21:13'),(45,94,3,'2019-12-19 23:43:54'),(46,4,2,'1997-02-20 12:11:26'),(47,99,3,'1996-09-29 16:31:54'),(48,48,3,'1970-06-23 10:37:27'),(49,52,2,'1977-04-15 10:48:50'),(50,32,4,'1979-02-07 15:31:38'),(51,48,1,'2020-09-25 10:10:41'),(52,70,4,'1997-07-20 02:38:27'),(53,59,3,'2004-05-12 01:58:28'),(54,35,3,'1978-05-30 07:29:53'),(55,14,3,'1988-03-05 10:28:43'),(56,13,2,'2012-08-06 19:46:18'),(57,37,2,'1970-02-06 13:34:12'),(58,24,4,'2021-08-17 23:50:47'),(59,3,1,'1993-05-23 20:28:50'),(60,62,4,'1972-07-11 10:21:30'),(61,52,4,'2013-01-10 14:48:39'),(62,38,3,'1989-09-29 12:15:42'),(63,34,1,'2009-05-15 10:05:22'),(64,26,4,'1996-11-02 23:05:48'),(65,35,3,'1996-03-17 16:15:07'),(66,80,4,'1987-06-17 00:16:38'),(67,66,3,'2012-04-04 16:52:05'),(68,69,2,'1984-02-07 16:40:45'),(69,24,1,'2008-01-21 19:58:19'),(70,9,2,'1978-12-01 23:55:20'),(71,74,1,'1997-07-13 09:59:01'),(72,50,2,'1995-07-31 04:59:44'),(73,37,4,'2019-10-11 14:22:31'),(74,3,2,'2003-05-03 20:48:44'),(75,77,3,'1976-10-06 14:44:02'),(76,37,2,'1985-06-16 07:49:20'),(77,39,4,'1982-10-07 11:32:44'),(78,5,4,'1991-02-20 01:56:54'),(79,94,2,'1984-02-20 07:44:12'),(80,77,2,'1982-02-20 07:49:10'),(81,94,3,'1977-11-02 01:43:33'),(82,31,3,'2014-06-03 14:08:46'),(83,31,1,'2005-02-24 07:22:11'),(84,14,3,'2014-01-30 02:37:51'),(85,31,1,'2010-11-04 02:51:11'),(86,92,1,'2016-06-23 11:06:38'),(87,35,3,'1978-12-23 22:38:48'),(88,35,4,'1998-10-10 05:46:37'),(89,31,2,'1980-11-25 12:09:29'),(90,27,1,'1974-04-12 12:01:12'),(91,23,3,'1970-05-17 06:27:56'),(92,52,3,'1971-12-09 15:07:30'),(93,60,3,'1991-05-25 22:58:39'),(94,45,3,'2004-03-14 12:14:07'),(95,2,2,'1975-01-21 18:48:36'),(96,96,4,'2005-04-07 22:54:38'),(97,6,2,'1990-09-10 04:32:51'),(98,61,2,'1979-03-26 01:14:12'),(99,37,4,'2012-02-20 00:31:49'),(100,2,4,'2003-07-12 17:30:44');
/*!40000 ALTER TABLE `news` ENABLE KEYS */;
UNLOCK TABLES;

--
-- Table structure for table `photo_albums`
--

DROP TABLE IF EXISTS `photo_albums`;
/*!40101 SET @saved_cs_client     = @@character_set_client */;
/*!40101 SET character_set_client = utf8 */;
CREATE TABLE `photo_albums` (
  `id` bigint(20) unsigned NOT NULL AUTO_INCREMENT,
  `name` varchar(255) COLLATE utf8mb4_unicode_ci DEFAULT NULL,
  `user_id` bigint(20) unsigned DEFAULT NULL,
  PRIMARY KEY (`id`),
  UNIQUE KEY `id` (`id`),
  KEY `user_id` (`user_id`),
  CONSTRAINT `photo_albums_ibfk_1` FOREIGN KEY (`user_id`) REFERENCES `users` (`id`) ON DELETE SET NULL ON UPDATE CASCADE
) ENGINE=InnoDB AUTO_INCREMENT=101 DEFAULT CHARSET=utf8mb4 COLLATE=utf8mb4_unicode_ci;
/*!40101 SET character_set_client = @saved_cs_client */;

--
-- Dumping data for table `photo_albums`
--

LOCK TABLES `photo_albums` WRITE;
/*!40000 ALTER TABLE `photo_albums` DISABLE KEYS */;
INSERT INTO `photo_albums` VALUES (1,'sapiente',1),(2,'et',2),(3,'magni',3),(4,'non',4),(5,'facilis',5),(6,'repudiandae',6),(7,'ad',7),(8,'nostrum',8),(9,'qui',9),(10,'mollitia',10),(11,'consequatur',11),(12,'excepturi',12),(13,'sunt',13),(14,'quae',14),(15,'harum',15),(16,'veritatis',16),(17,'omnis',17),(18,'fugit',18),(19,'qui',19),(20,'qui',20),(21,'eaque',21),(22,'quaerat',22),(23,'sint',23),(24,'ex',24),(25,'et',25),(26,'tempore',26),(27,'quam',27),(28,'inventore',28),(29,'facere',29),(30,'veniam',30),(31,'vitae',31),(32,'commodi',32),(33,'soluta',33),(34,'optio',34),(35,'molestiae',35),(36,'quibusdam',36),(37,'quibusdam',37),(38,'quam',38),(39,'a',39),(40,'molestias',40),(41,'non',41),(42,'nobis',42),(43,'et',43),(44,'repudiandae',44),(45,'voluptas',45),(46,'voluptas',46),(47,'perferendis',47),(48,'consequatur',48),(49,'officia',49),(50,'aliquid',50),(51,'odit',51),(52,'non',52),(53,'rem',53),(54,'et',54),(55,'vitae',55),(56,'quia',56),(57,'eos',57),(58,'animi',58),(59,'iusto',59),(60,'iste',60),(61,'similique',61),(62,'ea',62),(63,'odit',63),(64,'iste',64),(65,'deserunt',65),(66,'ullam',66),(67,'maxime',67),(68,'et',68),(69,'officiis',69),(70,'necessitatibus',70),(71,'tenetur',71),(72,'ratione',72),(73,'autem',73),(74,'adipisci',74),(75,'quod',75),(76,'qui',76),(77,'est',77),(78,'doloremque',78),(79,'dolorem',79),(80,'et',80),(81,'sunt',81),(82,'vitae',82),(83,'corrupti',83),(84,'voluptatem',84),(85,'iusto',85),(86,'repellat',86),(87,'dolorem',87),(88,'vero',88),(89,'quod',89),(90,'similique',90),(91,'occaecati',91),(92,'nisi',92),(93,'error',93),(94,'est',94),(95,'autem',95),(96,'voluptatem',96),(97,'aperiam',97),(98,'dolores',98),(99,'quo',99),(100,'vel',100);
/*!40000 ALTER TABLE `photo_albums` ENABLE KEYS */;
UNLOCK TABLES;

--
-- Table structure for table `photos`
--

DROP TABLE IF EXISTS `photos`;
/*!40101 SET @saved_cs_client     = @@character_set_client */;
/*!40101 SET character_set_client = utf8 */;
CREATE TABLE `photos` (
  `id` bigint(20) unsigned NOT NULL AUTO_INCREMENT,
  `album_id` bigint(20) unsigned NOT NULL,
  `media_id` bigint(20) unsigned NOT NULL,
  PRIMARY KEY (`id`),
  KEY `album_id` (`album_id`),
  KEY `media_id` (`media_id`),
  CONSTRAINT `photos_ibfk_1` FOREIGN KEY (`album_id`) REFERENCES `photo_albums` (`id`) ON DELETE CASCADE ON UPDATE CASCADE,
  CONSTRAINT `photos_ibfk_2` FOREIGN KEY (`media_id`) REFERENCES `media` (`id`) ON DELETE CASCADE ON UPDATE CASCADE
) ENGINE=InnoDB AUTO_INCREMENT=101 DEFAULT CHARSET=utf8mb4 COLLATE=utf8mb4_unicode_ci;
/*!40101 SET character_set_client = @saved_cs_client */;

--
-- Dumping data for table `photos`
--

LOCK TABLES `photos` WRITE;
/*!40000 ALTER TABLE `photos` DISABLE KEYS */;
INSERT INTO `photos` VALUES (1,58,60),(2,90,35),(3,53,53),(4,74,9),(5,14,50),(6,28,19),(7,10,17),(8,9,17),(9,14,95),(10,80,78),(11,64,12),(12,26,8),(13,64,59),(14,19,32),(15,52,22),(16,60,10),(17,82,49),(18,44,34),(19,1,18),(20,43,15),(21,67,70),(22,33,77),(23,87,41),(24,93,1),(25,36,73),(26,79,99),(27,84,4),(28,6,47),(29,63,25),(30,79,14),(31,47,39),(32,23,28),(33,87,67),(34,61,88),(35,84,4),(36,3,50),(37,73,35),(38,27,59),(39,75,20),(40,60,11),(41,92,38),(42,9,75),(43,42,14),(44,22,4),(45,38,100),(46,17,85),(47,38,40),(48,12,25),(49,6,73),(50,13,89),(51,76,15),(52,39,48),(53,49,65),(54,7,24),(55,85,66),(56,34,76),(57,3,43),(58,50,45),(59,56,72),(60,48,94),(61,72,65),(62,78,10),(63,4,90),(64,34,10),(65,62,47),(66,99,37),(67,61,38),(68,85,10),(69,3,91),(70,34,87),(71,57,67),(72,62,60),(73,9,12),(74,4,65),(75,83,52),(76,59,54),(77,16,37),(78,63,19),(79,26,97),(80,28,88),(81,43,27),(82,24,4),(83,64,8),(84,13,66),(85,99,46),(86,52,56),(87,13,14),(88,16,22),(89,25,20),(90,87,8),(91,71,45),(92,62,86),(93,82,24),(94,4,8),(95,21,32),(96,95,64),(97,59,19),(98,67,22),(99,26,79),(100,88,25);
/*!40000 ALTER TABLE `photos` ENABLE KEYS */;
UNLOCK TABLES;

--
-- Table structure for table `posts`
--

DROP TABLE IF EXISTS `posts`;
/*!40101 SET @saved_cs_client     = @@character_set_client */;
/*!40101 SET character_set_client = utf8 */;
CREATE TABLE `posts` (
  `id` bigint(20) unsigned NOT NULL AUTO_INCREMENT,
  `post_id` bigint(20) unsigned NOT NULL,
  `post_media_id` bigint(20) unsigned NOT NULL,
  PRIMARY KEY (`id`),
  KEY `post_media_id` (`post_media_id`),
  KEY `post_id` (`post_id`),
  CONSTRAINT `posts_ibfk_1` FOREIGN KEY (`post_media_id`) REFERENCES `media` (`id`) ON DELETE CASCADE ON UPDATE CASCADE,
  CONSTRAINT `posts_ibfk_2` FOREIGN KEY (`post_id`) REFERENCES `users` (`id`) ON DELETE CASCADE ON UPDATE CASCADE
) ENGINE=InnoDB AUTO_INCREMENT=101 DEFAULT CHARSET=utf8mb4 COLLATE=utf8mb4_unicode_ci;
/*!40101 SET character_set_client = @saved_cs_client */;

--
-- Dumping data for table `posts`
--

LOCK TABLES `posts` WRITE;
/*!40000 ALTER TABLE `posts` DISABLE KEYS */;
INSERT INTO `posts` VALUES (1,35,4),(2,50,4),(3,41,3),(4,57,3),(5,86,4),(6,85,3),(7,77,4),(8,18,3),(9,28,3),(10,31,2),(11,54,4),(12,43,4),(13,53,4),(14,25,1),(15,92,2),(16,28,2),(17,18,4),(18,22,3),(19,30,4),(20,22,1),(21,54,1),(22,82,2),(23,98,4),(24,98,1),(25,73,2),(26,55,2),(27,6,4),(28,23,3),(29,86,2),(30,62,4),(31,86,4),(32,4,1),(33,66,1),(34,63,4),(35,3,4),(36,9,3),(37,90,4),(38,87,4),(39,90,4),(40,11,3),(41,13,3),(42,89,1),(43,63,1),(44,77,2),(45,59,2),(46,26,2),(47,27,2),(48,48,4),(49,54,1),(50,87,3),(51,94,4),(52,13,4),(53,87,4),(54,69,4),(55,83,4),(56,39,4),(57,45,2),(58,13,1),(59,39,4),(60,56,4),(61,28,4),(62,41,3),(63,10,4),(64,46,3),(65,98,2),(66,20,4),(67,29,2),(68,74,1),(69,31,2),(70,92,1),(71,22,2),(72,8,3),(73,58,1),(74,74,4),(75,10,2),(76,93,2),(77,11,2),(78,91,1),(79,22,2),(80,84,1),(81,69,1),(82,11,4),(83,35,4),(84,12,3),(85,27,1),(86,79,2),(87,33,4),(88,16,4),(89,7,4),(90,86,1),(91,19,4),(92,54,2),(93,13,2),(94,49,2),(95,81,2),(96,55,2),(97,35,3),(98,47,3),(99,50,3),(100,35,4);
/*!40000 ALTER TABLE `posts` ENABLE KEYS */;
UNLOCK TABLES;

--
-- Table structure for table `profiles`
--

DROP TABLE IF EXISTS `profiles`;
/*!40101 SET @saved_cs_client     = @@character_set_client */;
/*!40101 SET character_set_client = utf8 */;
CREATE TABLE `profiles` (
  `user_id` bigint(20) unsigned NOT NULL AUTO_INCREMENT,
  `gender` char(1) COLLATE utf8mb4_unicode_ci DEFAULT NULL,
  `birthday` date DEFAULT NULL,
  `photo_id` bigint(20) unsigned DEFAULT NULL,
  `created_at` datetime DEFAULT current_timestamp(),
  `hometown` varchar(100) COLLATE utf8mb4_unicode_ci DEFAULT NULL,
  PRIMARY KEY (`user_id`),
  KEY `fk_photo_id` (`photo_id`),
  CONSTRAINT `fk_photo_id` FOREIGN KEY (`photo_id`) REFERENCES `photos` (`id`) ON DELETE SET NULL ON UPDATE CASCADE,
  CONSTRAINT `fk_user_id` FOREIGN KEY (`user_id`) REFERENCES `users` (`id`) ON DELETE CASCADE ON UPDATE CASCADE
) ENGINE=InnoDB AUTO_INCREMENT=101 DEFAULT CHARSET=utf8mb4 COLLATE=utf8mb4_unicode_ci;
/*!40101 SET character_set_client = @saved_cs_client */;

--
-- Dumping data for table `profiles`
--

LOCK TABLES `profiles` WRITE;
/*!40000 ALTER TABLE `profiles` DISABLE KEYS */;
INSERT INTO `profiles` VALUES (1,'m','2004-07-16',1,'2010-03-03 01:10:01','molestiae'),(2,'f','2022-02-16',2,'2012-01-04 05:03:22','earum'),(3,'m','2012-05-18',3,'1970-05-31 17:40:40','expedita'),(4,'f','2008-09-29',4,'1979-02-09 19:14:21','nostrum'),(5,'f','1980-09-06',5,'2004-09-04 08:32:08','unde'),(6,'f','1978-04-09',6,'1986-08-21 11:58:19','est'),(7,'f','2003-07-05',7,'1975-07-27 00:17:43','iure'),(8,'f','1985-04-12',8,'2011-10-25 12:48:24','culpa'),(9,'f','2019-03-03',9,'2003-08-17 23:03:35','animi'),(10,'m','1986-05-13',10,'1973-05-06 10:06:04','libero'),(11,'f','2002-01-22',11,'2003-02-20 09:58:00','quia'),(12,'m','1994-07-08',12,'2001-07-20 17:39:13','quaerat'),(13,'m','2017-01-28',13,'1988-04-10 05:22:14','facilis'),(14,'f','1991-07-03',14,'1980-10-06 17:04:40','quidem'),(15,'m','2017-11-18',15,'1976-01-12 20:51:24','commodi'),(16,'m','1978-12-20',16,'2008-05-06 20:53:23','eveniet'),(17,'f','1979-10-16',17,'1999-06-20 15:43:57','qui'),(18,'f','1982-05-20',18,'1982-04-18 21:15:00','repellat'),(19,'m','1987-10-25',19,'1997-04-02 21:04:11','et'),(20,'m','1994-05-15',20,'1998-08-04 23:32:04','repudiandae'),(21,'f','2001-10-01',21,'1991-03-20 20:31:44','rerum'),(22,'f','1972-03-07',22,'1980-11-18 07:05:30','aut'),(23,'m','1984-04-01',23,'1980-03-19 06:05:15','est'),(24,'m','2007-09-10',24,'1974-08-27 07:06:55','delectus'),(25,'f','2014-03-08',25,'1971-10-22 04:22:32','quis'),(26,'f','1998-01-27',26,'2020-04-05 08:53:58','quia'),(27,'f','2011-09-06',27,'1973-03-19 10:35:55','quidem'),(28,'m','1977-10-03',28,'2020-03-01 09:23:22','sit'),(29,'m','2009-03-02',29,'2014-08-15 09:36:13','reiciendis'),(30,'f','2010-01-20',30,'1989-03-02 11:11:16','omnis'),(31,'f','2013-01-17',31,'1999-11-16 17:02:55','molestiae'),(32,'m','1973-11-19',32,'2019-11-08 10:47:41','assumenda'),(33,'m','1983-04-13',33,'1997-03-21 05:09:30','ipsam'),(34,'m','2003-08-20',34,'1980-09-07 17:13:18','necessitatibus'),(35,'m','2011-01-18',35,'1971-08-23 06:23:48','in'),(36,'f','1993-11-25',36,'1986-05-17 15:50:06','cupiditate'),(37,'f','1975-07-15',37,'1979-10-03 09:34:37','aut'),(38,'f','1993-06-16',38,'2000-12-22 00:06:13','et'),(39,'m','2019-08-30',39,'2010-06-04 16:02:35','quod'),(40,'f','2008-02-08',40,'2000-07-28 17:24:11','vero'),(41,'m','2005-11-02',41,'1986-04-08 12:11:44','blanditiis'),(42,'f','1979-06-20',42,'2013-04-11 20:12:58','et'),(43,'f','1984-12-05',43,'1997-10-21 19:57:19','perferendis'),(44,'f','2013-06-18',44,'2007-02-22 09:16:18','rerum'),(45,'f','2011-03-08',45,'2017-11-27 13:57:23','et'),(46,'f','1976-11-05',46,'1987-04-05 13:41:29','perferendis'),(47,'f','1998-05-31',47,'2003-01-16 07:46:57','quae'),(48,'m','2001-01-06',48,'1996-05-29 04:42:40','dignissimos'),(49,'m','1999-11-05',49,'2007-05-02 18:47:16','cupiditate'),(50,'m','2020-11-18',50,'2005-09-28 08:14:57','rerum'),(51,'m','1986-02-16',51,'1985-06-03 16:07:57','veritatis'),(52,'f','2004-05-27',52,'2005-05-09 10:08:45','mollitia'),(53,'m','1980-04-03',53,'1977-09-18 06:42:49','labore'),(54,'f','2006-05-06',54,'2003-06-14 09:01:33','voluptatum'),(55,'f','1998-10-02',55,'2021-12-25 02:39:18','voluptatibus'),(56,'f','2013-10-20',56,'2006-07-13 09:16:28','ea'),(57,'f','2021-05-14',57,'1990-10-07 07:57:17','quia'),(58,'f','2009-01-15',58,'2006-08-23 07:23:13','praesentium'),(59,'f','1980-11-11',59,'2001-03-17 00:47:07','praesentium'),(60,'f','2006-02-17',60,'2012-06-16 17:33:01','eos'),(61,'f','2000-01-21',61,'2020-05-14 08:04:13','atque'),(62,'f','2008-11-14',62,'1987-02-28 10:17:06','culpa'),(63,'m','2017-05-28',63,'1979-07-29 15:48:58','officia'),(64,'f','1985-03-15',64,'2019-05-21 19:59:57','velit'),(65,'f','1997-12-15',65,'1988-12-24 10:20:21','voluptatem'),(66,'f','1973-08-06',66,'1984-04-28 14:05:04','vero'),(67,'m','1996-09-20',67,'1971-08-14 22:17:26','quasi'),(68,'m','1985-02-13',68,'2008-08-23 19:42:28','hic'),(69,'f','1973-04-12',69,'1997-10-27 16:29:06','sequi'),(70,'m','1998-01-10',70,'1997-03-02 18:58:05','ducimus'),(71,'m','1976-02-23',71,'2009-12-26 14:07:19','dolorem'),(72,'m','1988-01-23',72,'2021-07-02 17:49:05','molestias'),(73,'m','2004-01-25',73,'1985-08-16 07:48:52','quasi'),(74,'f','1990-08-18',74,'1976-06-27 06:50:23','omnis'),(75,'m','2014-02-18',75,'2003-07-26 17:48:31','iure'),(76,'f','1983-02-24',76,'1990-08-21 21:40:43','nisi'),(77,'m','2015-10-07',77,'2013-08-15 15:19:09','ipsum'),(78,'f','2017-03-01',78,'1978-05-24 23:36:54','animi'),(79,'m','1983-07-24',79,'1985-06-28 11:49:01','sit'),(80,'f','1980-05-14',80,'1970-06-02 20:00:14','repellat'),(81,'f','1984-04-24',81,'2010-07-23 11:36:11','itaque'),(82,'m','2019-05-07',82,'1972-09-03 22:54:23','dolores'),(83,'m','2008-08-30',83,'1996-04-08 09:11:58','assumenda'),(84,'f','2006-11-27',84,'1978-07-20 11:27:03','quidem'),(85,'m','1972-03-02',85,'1998-04-04 05:33:55','ratione'),(86,'m','2020-08-29',86,'2000-08-07 03:45:37','at'),(87,'m','1972-09-06',87,'2002-04-26 07:55:49','debitis'),(88,'f','2008-08-10',88,'1987-08-02 21:18:40','inventore'),(89,'m','2015-04-07',89,'1977-12-29 18:16:05','distinctio'),(90,'f','1987-07-24',90,'2000-03-26 16:40:40','repellendus'),(91,'m','1975-03-20',91,'1985-09-12 00:08:45','nulla'),(92,'m','1984-06-22',92,'1986-08-23 06:12:13','recusandae'),(93,'f','2011-02-23',93,'2001-06-30 19:48:19','dolore'),(94,'m','1972-06-30',94,'2017-02-18 02:18:54','natus'),(95,'m','1993-04-23',95,'2008-02-06 21:17:18','sint'),(96,'f','1979-11-26',96,'1983-08-15 02:44:51','placeat'),(97,'m','2012-05-14',97,'2010-05-14 12:25:43','quis'),(98,'m','2003-01-26',98,'1979-12-21 15:41:00','voluptatem'),(99,'f','1996-01-09',99,'2006-08-15 03:57:31','temporibus'),(100,'f','2003-12-10',100,'1970-03-02 06:45:13','et');
/*!40000 ALTER TABLE `profiles` ENABLE KEYS */;
UNLOCK TABLES;

--
-- Table structure for table `users`
--

DROP TABLE IF EXISTS `users`;
/*!40101 SET @saved_cs_client     = @@character_set_client */;
/*!40101 SET character_set_client = utf8 */;
CREATE TABLE `users` (
  `id` bigint(20) unsigned NOT NULL AUTO_INCREMENT,
  `firstname` varchar(100) COLLATE utf8mb4_unicode_ci DEFAULT NULL,
  `lastname` varchar(100) COLLATE utf8mb4_unicode_ci DEFAULT NULL COMMENT '',
  `email` varchar(100) COLLATE utf8mb4_unicode_ci DEFAULT NULL,
  `password_hash` varchar(100) COLLATE utf8mb4_unicode_ci DEFAULT NULL,
  `phone` bigint(20) DEFAULT NULL,
  `is_deleted` bit(1) DEFAULT b'0',
  PRIMARY KEY (`id`),
  UNIQUE KEY `email` (`email`),
  KEY `users_firstname_lastname_idx` (`firstname`,`lastname`)
) ENGINE=InnoDB AUTO_INCREMENT=101 DEFAULT CHARSET=utf8mb4 COLLATE=utf8mb4_unicode_ci;
/*!40101 SET character_set_client = @saved_cs_client */;

--
-- Dumping data for table `users`
--

LOCK TABLES `users` WRITE;
/*!40000 ALTER TABLE `users` DISABLE KEYS */;
INSERT INTO `users` VALUES (1,'Retha','Walker','laurine.dietrich@example.org','64221459de81054726aed68661c8ce5e511567d9',9026258154,''),(2,'Hector','Krajcik','nils.schmeler@example.net','7f6b27cb730d495b34c9a5568b3829b05d00131e',9416305401,''),(3,'Oswald','Botsford','dayton.cole@example.net','d08b79947cbd52884a8ddac36e91f120ed4d30c0',9117046182,'\0'),(4,'Tressie','Shanahan','bailey.rudolph@example.org','f4637232089004f79f15c7957700899e50aa48cf',9039363924,''),(5,'Mikayla','Jaskolski','mcdermott.laron@example.net','5a6f72e4e7daa5cf887b3c0022a5f4bca7925162',9808512881,''),(6,'Verna','Toy','domenic00@example.net','cb66c056e4690ba08837732b030a4656be54f99b',9490526763,''),(7,'Rigoberto','Wolf','demarcus.champlin@example.net','e26b50ea23dcc954950cf1792e5285adfb26d15a',9470746520,'\0'),(8,'Sidney','Kulas','hector.tromp@example.com','e2006d09c0ea1c8cb68df4650e88af306d92097d',9597800795,'\0'),(9,'Halie','Aufderhar','breitenberg.erwin@example.com','dba13526b9b7531a17fdb17b7639fdfa0cc3a856',9637365800,'\0'),(10,'Emiliano','Bode','lbarton@example.com','065609a39b9c938a2d77f2a896454cc4a34e675a',9359465651,''),(11,'Finn','Hansen','yundt.alysa@example.net','53b0115e86c12b2808ea77c7b7a7a590f0a3961d',9443906856,''),(12,'Carmel','Erdman','dubuque.octavia@example.com','b34530e2779b67e750ba9f72da438dbbe5fc30e7',9068656279,''),(13,'Alexzander','Ryan','hgleason@example.com','af0364687c760781ef5d8ca15bffecc62625a088',9475102879,''),(14,'Nathan','Bins','hodkiewicz.lincoln@example.org','fb36a423efdf090f342e9673032a78622adfdd2f',9957518369,'\0'),(15,'Alvera','Hermiston','bauch.stevie@example.org','2e40e2bdc3bd256cdd68c723420c53d6abb61f29',9715560793,'\0'),(16,'Jerrod','Block','fritsch.sabryna@example.com','ecd80b00ca6b1e17d533125ea0fbd7343593f81f',9674611522,'\0'),(17,'Eldridge','Rosenbaum','kdach@example.org','2cebc3ee163429bb5c6ef8021f270d41531aab07',9292698299,'\0'),(18,'Cindy','Hettinger','khalid60@example.com','d67f81a88add0330118fd74e994d3896af970005',9469834036,'\0'),(19,'Aletha','Wilderman','fletcher61@example.com','86646111f90c58bb0dac40aac092517927570eac',9396112519,''),(20,'Laurel','Blick','cyrus.kreiger@example.com','14bba0b135b6e9d507ddd0d4454eb7bf1eb1dbb4',9986948921,''),(21,'Jarrett','Mayer','emile99@example.net','1243c95bd41117354b6435b10dd04fb56fd54629',9961051586,''),(22,'Eliane','Dicki','nikita76@example.org','80c1a3c024268286f55296db17aaf585b8dc9557',9415154301,'\0'),(23,'Jackie','Ebert','hmclaughlin@example.org','e4472f7d51664d9cbf8a3e4db3505a467de0957a',9500232736,'\0'),(24,'Ryley','Koelpin','prath@example.net','b184bba46976e8843bc582d24e62430899b6eea6',9791885992,''),(25,'Keegan','Koelpin','laney.schamberger@example.org','fcd901b772235443536c07fa338c0de303f7d7e7',9609232093,''),(26,'Jodie','Lehner','everardo.kessler@example.com','6cc63993ac175f59f86b992fc1a20311b9a96885',9447668295,''),(27,'Laron','Hartmann','qtorphy@example.net','a1eb46f46afefa3cf53eb5c65a4bef910b563759',9806546443,'\0'),(28,'Jed','Wolf','sabina.stehr@example.com','cbc54aa9a80e952b8e674922c26c26680d44eefe',9493781093,'\0'),(29,'Imelda','Fisher','nya91@example.org','73e48b0932e4c25887575cdf147273a20bfa4e08',9519207607,'\0'),(30,'Eladio','Dietrich','zlarson@example.org','06aa343117913a09c29838a97e37b66ef342753d',9724032446,''),(31,'Hudson','Hand','delbert.sporer@example.com','14dcb3c833685adb10e9ca3bc18eaa01841d927c',9470327659,''),(32,'Elsie','Strosin','kiara.mitchell@example.net','da79e94621c7fee8a2137048ece2e0338e310f6a',9832473947,''),(33,'Shyann','Oberbrunner','estella.wiegand@example.com','2567c317abd9d15b6739257cdd8c5dbf192145b3',9071867367,'\0'),(34,'Cecile','Heidenreich','nwelch@example.org','c80f9e7a0e0a5267ee1bafbd8f9c7effd6fb9fcc',9623236172,'\0'),(35,'Mortimer','Braun','leta.beier@example.org','786a176dff69c22b6bebdc294ec314d8dc3f8b3c',9135820637,'\0'),(36,'Rebeca','Reinger','annamarie95@example.com','a158b0a30f4db702141927858b0dd0f27c793d75',9962465144,''),(37,'Candida','Monahan','camden35@example.net','16e0e6bfffef237a09520471da73d44fafa46864',9470715622,''),(38,'Lillie','Goldner','zklein@example.org','fef18d599aac94c40077e1d5c5cfd2ba5cf3a18f',9267555029,'\0'),(39,'Arnulfo','Boyle','charlotte59@example.net','260cc6a3540437126c1885ea6f675061f7c39bdd',9222458182,'\0'),(40,'Raquel','Hodkiewicz','dorthy78@example.net','d3f12e57455dd59e157c2b876c2d492ebfd0f795',9464462323,''),(41,'Velma','Welch','mbarton@example.org','96dd68015dd52ff214b0228701edcff432ef71d0',9294417065,''),(42,'Michelle','Cole','sprice@example.org','2f813c79af1235f8840abc0acd5e9249168fc39e',9972952343,'\0'),(43,'Enrico','Ebert','okey.nitzsche@example.net','4ed5145b531f2fe35475e96a8f79c48739727475',9976253345,'\0'),(44,'Domenic','Feil','veronica.johnston@example.org','d63ff8fb81c2d56aaf7feb23a135b273864ea38f',9301735656,''),(45,'Zoila','Schaden','rbednar@example.org','c7884c809082caa4241e414a5335e241aa852c07',9267435994,''),(46,'Sunny','Nitzsche','letha18@example.net','fa6c2e8f9a87d40d8e535fa728ee97f95cebfddc',9194439557,'\0'),(47,'Laurie','Collier','geovanni82@example.com','d14504441440676bca0f5e16d363d0eac4a7884d',9804059906,''),(48,'Jackeline','Runolfsson','godfrey.gaylord@example.com','6b15ef8c0aedafc76bc18bada427ce1f60909b72',9003417548,'\0'),(49,'Rafaela','Hayes','sanford.shad@example.com','8109ed8589f7bf1da00327019f4d376d242e069a',9865504767,'\0'),(50,'Ed','Hane','destinee.stiedemann@example.com','aa7da0b1cf35e5aa006f9ebb1d4591cda33148d7',9521454929,'\0'),(51,'Emma','O\'Conner','clemens34@example.org','51ecc26f99ce3b1eb349e97e18d4aefc5ec3ab13',9032540918,''),(52,'Natalie','Adams','ttoy@example.org','766991f797052feb66316cb3bb286fe6b3bc7c3e',9276259926,''),(53,'Antonetta','Harber','iratke@example.com','04e84f44784948ed76df937f2f4b5c76ae9d0a11',9619941442,'\0'),(54,'Kenton','Dach','alysa.ortiz@example.com','45bad3dad449baceef8a77d25dd2955a34c89857',9656076095,''),(55,'Alfred','Haag','ruthie28@example.com','c10a3bf155bbb0d5dc0d325745f5a94f18ca77e3',9829628923,''),(56,'Elva','Emard','zroob@example.com','8aa337bc4ab16a3189fffe00dd2e924aaab26e46',9381037126,''),(57,'Alverta','Romaguera','jones.aileen@example.org','27d65dd050b61b8827b588c9b0055441ad861066',9660863608,''),(58,'Claudie','Stroman','aaliyah51@example.net','04384a42f63e0b5ce851701bc849fa24583b8d80',9863825220,''),(59,'Daisha','Homenick','nwill@example.net','bdf9d18a7a22139fa9423571935d62b86af70d7e',9805990348,''),(60,'Bert','Ryan','xschulist@example.net','6f1c0e241f8a1b785556f1b842503ecbf2521520',9090837120,'\0'),(61,'Blaze','Moore','leffler.urban@example.com','566da7d6eac470cc71e527124b80c71f1e78b394',9607688185,'\0'),(62,'Adah','Schoen','laurence23@example.net','cfbc7f909d4dd2c17eba23c39a084ebc5b4e0417',9784211294,''),(63,'Alvina','Kessler','dandre75@example.net','f514e3def7a4331cd2985bbf8010565869d770ec',9195595581,''),(64,'Stephon','Kohler','ylockman@example.com','66e1a3aa000780f7d58a1a442c39c256c15115d2',9352858283,'\0'),(65,'Haylee','Kessler','szulauf@example.net','99d891107d52823948cfff2be25cf50f80a4a1a3',9873951911,'\0'),(66,'April','Pouros','uriel71@example.org','b1f0a23aa68d59bd40deaa43380132934ac1508b',9455982560,''),(67,'Braxton','McDermott','pmante@example.org','99785b4e4cd75e57046b469129afa0669b415882',9367751019,''),(68,'Jaiden','Terry','simonis.aiden@example.org','ff487c40b2a99831ccc059341dd84ebd78e0a9c1',9886769664,''),(69,'Luz','Bergnaum','wsauer@example.org','49de8d579d42743bbdb2e5bf7d9eb75c6b69be7e',9963479732,''),(70,'Jada','Heidenreich','bobby.kris@example.org','b94d981b55925432157f9b4fded5025fc47c5b8f',9529840053,'\0'),(71,'Loy','Schuster','marlene.schuster@example.com','198c8c946db2ef0d441645be6acb5380a84a0e97',9322463988,'\0'),(72,'Tod','O\'Reilly','kassulke.guido@example.org','ae9a63141240e40664894706706bbc8b73307193',9849442029,''),(73,'Gaetano','Dach','tad.fahey@example.org','a70d5970b881b01eec458bc57db452de81b124e4',9659447478,'\0'),(74,'Madison','Swift','thaddeus.purdy@example.com','33245faa64dc0aa840d56fae53584947382defc3',9407827531,'\0'),(75,'Dora','Zulauf','gutkowski.eleonore@example.org','b4ab76ab210c6f8c2dad20fef15217f4ef4d5360',9384643716,'\0'),(76,'Leonardo','McKenzie','huel.ona@example.com','ba67966da05a08ad83fa6fa51a1c70c0156d0406',9522772887,'\0'),(77,'Eve','Bahringer','qhoeger@example.net','b62879a6c9e44c594dabf7e3ed845d63679d5d0c',9230058643,'\0'),(78,'Estefania','Leffler','hschiller@example.net','984d3e7df1d95bc90373dc27ee1dfc8902410c58',9393498848,'\0'),(79,'Adelia','Heathcote','jaquan.schmitt@example.net','4b0f4549fab1b877145fb6f436d51bc6efa46621',9678105530,''),(80,'Trycia','Bogan','jimmy.koch@example.net','69cb03750c0181eea5d89fc3c638f7e6b9ec1c60',9526454564,''),(81,'Cassandre','Emmerich','ld\'amore@example.org','0d4c3a69065744ff627d5e69e2f483c1c91a953a',9797730734,'\0'),(82,'Santiago','Braun','edwin28@example.com','4fed9b663babbfcf7b980d19a388d577d9a70c9c',9129499274,''),(83,'Therese','Hane','terry.kylie@example.net','44e6d455a1cd28b1ee5e728b9e86fa7ac60fac89',9960845061,''),(84,'Nikki','Emmerich','delfina43@example.net','d61771214fcad936b13382f885ce4c90d07bb817',9080843288,'\0'),(85,'Garrison','Fritsch','nmurray@example.net','30af7f1ca3efd9d95c023591e67ad05d91f25c0a',9312377953,'\0'),(86,'Bernard','Bruen','lon35@example.com','5b3bf554c6df37802d81104f54fa0b8c46832427',9299665071,''),(87,'Rigoberto','Anderson','ylind@example.com','63aab170cc73095661a59ed3966b6af6fc034787',9935222376,'\0'),(88,'Ricardo','Hand','kovacek.dayna@example.org','78c14a2e39df6ddb983d0710db7814c5bf8d3869',9218902018,''),(89,'Monroe','Franecki','clay08@example.net','3f57a409f24183a3b5c9388037e9c3233cf450dc',9484126291,'\0'),(90,'Jess','Little','herman.eva@example.net','927f3837ae0908cb0ffa9ac0849ca6a238f1ade9',9890249361,'\0'),(91,'Ethan','Wisoky','asporer@example.org','a4df14a862c5d55d0c28b31a49d7023f32368dbb',9449941506,''),(92,'Arielle','Predovic','hannah.nienow@example.org','d0728c2aa0e2db639a61b14abf3efec84c58f47c',9425071225,'\0'),(93,'Alanna','Lind','aubree25@example.com','e10fabffa8ea34463cf798eacad188a872aae5de',9888025187,'\0'),(94,'Aylin','Beatty','isadore.bahringer@example.net','b194000f5c2fb04f8becae3fb19ee096afd03172',9276879083,''),(95,'Shanie','Sipes','pierre30@example.net','c178a93b5309c3848214f7357c6c2e1e05d83841',9497981782,''),(96,'Victor','Quigley','ludwig.kemmer@example.com','1ca6f737ec99b94a4da5565cc575f50437911dcd',9221950914,'\0'),(97,'Pansy','Ondricka','hsteuber@example.net','083f155e65c143d16b38ca34b261b25837d2fddb',9534013442,'\0'),(98,'Tess','Feeney','mara.thiel@example.net','2637e576b998f96165517dddb6a86d7fce8cfdf6',9051652354,''),(99,'Terrill','Hammes','houston.monahan@example.com','c6c1ef95355ec060a246c5fdb6068e5732e12e42',9651819053,'\0'),(100,'Myles','Satterfield','wendell88@example.com','5fb43d1c32246a369beeef47e61833e2a9ad8240',9840558180,'\0');
/*!40000 ALTER TABLE `users` ENABLE KEYS */;
UNLOCK TABLES;

--
-- Table structure for table `users_communities`
--

DROP TABLE IF EXISTS `users_communities`;
/*!40101 SET @saved_cs_client     = @@character_set_client */;
/*!40101 SET character_set_client = utf8 */;
CREATE TABLE `users_communities` (
  `user_id` bigint(20) unsigned NOT NULL,
  `community_id` bigint(20) unsigned NOT NULL,
  PRIMARY KEY (`user_id`,`community_id`),
  KEY `community_id` (`community_id`),
  CONSTRAINT `users_communities_ibfk_1` FOREIGN KEY (`user_id`) REFERENCES `users` (`id`) ON DELETE CASCADE ON UPDATE CASCADE,
  CONSTRAINT `users_communities_ibfk_2` FOREIGN KEY (`community_id`) REFERENCES `communities` (`id`) ON DELETE CASCADE ON UPDATE CASCADE
) ENGINE=InnoDB DEFAULT CHARSET=utf8mb4 COLLATE=utf8mb4_unicode_ci;
/*!40101 SET character_set_client = @saved_cs_client */;

--
-- Dumping data for table `users_communities`
--

LOCK TABLES `users_communities` WRITE;
/*!40000 ALTER TABLE `users_communities` DISABLE KEYS */;
INSERT INTO `users_communities` VALUES (1,4),(1,61),(2,45),(5,96),(6,12),(6,98),(7,12),(7,88),(10,95),(12,68),(13,82),(13,88),(15,52),(16,8),(16,50),(16,51),(16,67),(18,90),(19,28),(20,9),(20,58),(21,3),(21,30),(22,38),(24,11),(24,67),(26,71),(26,80),(27,91),(30,2),(30,73),(31,32),(34,8),(34,20),(34,32),(35,89),(36,77),(37,21),(40,42),(41,48),(43,19),(43,64),(44,12),(44,67),(45,4),(45,97),(46,35),(46,40),(47,15),(47,18),(48,51),(51,1),(51,30),(54,7),(55,93),(58,6),(58,7),(61,29),(61,72),(62,31),(65,45),(65,52),(66,5),(69,49),(70,89),(71,5),(72,14),(76,13),(76,40),(77,13),(78,48),(79,22),(79,33),(79,44),(81,95),(84,8),(84,11),(85,81),(85,91),(88,58),(88,100),(89,8),(90,12),(90,52),(90,81),(90,99),(91,93),(92,81),(95,50),(96,6),(96,27),(96,29),(97,10),(97,16),(97,38),(97,48),(99,23),(99,59),(100,36),(100,90);
/*!40000 ALTER TABLE `users_communities` ENABLE KEYS */;
UNLOCK TABLES;
/*!40103 SET TIME_ZONE=@OLD_TIME_ZONE */;

/*!40101 SET SQL_MODE=@OLD_SQL_MODE */;
/*!40014 SET FOREIGN_KEY_CHECKS=@OLD_FOREIGN_KEY_CHECKS */;
/*!40014 SET UNIQUE_CHECKS=@OLD_UNIQUE_CHECKS */;
/*!40101 SET CHARACTER_SET_CLIENT=@OLD_CHARACTER_SET_CLIENT */;
/*!40101 SET CHARACTER_SET_RESULTS=@OLD_CHARACTER_SET_RESULTS */;
/*!40101 SET COLLATION_CONNECTION=@OLD_COLLATION_CONNECTION */;
/*!40111 SET SQL_NOTES=@OLD_SQL_NOTES */;

-- Dump completed on 2022-05-05  4:06:07
